Region,State,Physical inactivity
West,AK,0.234
West,AK,0.22
West,AK,0.205
West,AK,0.18
West,AK,0.283
West,AK,0.292
West,AK,0.288
West,AK,0.273
West,AK,0.225
West,AK,0.202
West,AK,0.227
West,AK,0.191
West,AK,0.17
West,AK,0.158
West,AK,0.237
West,AK,0.217
West,AK,0.22
West,AK,0.207
West,AK,0.2
West,AK,0.212
West,AK,0.281
West,AK,0.249
West,AK,0.247
West,AK,0.223
West,AK,0.255
West,AK,0.252
West,AK,0.274
West,AK,0.255
West,AK,0.299
West,AK,0.268
West,AK,0.264
West,AK,0.26
West,AK,0.187
West,AK,0.172
West,AK,0.23
West,AK,0.205
West,AK,0.227
West,AK,0.2
West,AK,0.238
West,AK,0.242
West,AK,0.272
West,AK,0.279
West,AK,0.217
West,AK,0.2
West,AK,0.263
West,AK,0.256
South,AL,0.294
South,AL,0.279
South,AL,0.276
South,AL,0.252
South,AL,0.35
South,AL,0.323
South,AL,0.37
South,AL,0.332
South,AL,0.35
South,AL,0.298
South,AL,0.325
South,AL,0.328
South,AL,0.369
South,AL,0.373
South,AL,0.333
South,AL,0.332
South,AL,0.387
South,AL,0.353
South,AL,0.342
South,AL,0.298
South,AL,0.315
South,AL,0.318
South,AL,0.379
South,AL,0.348
South,AL,0.37
South,AL,0.31
South,AL,0.394
South,AL,0.376
South,AL,0.347
South,AL,0.341
South,AL,0.306
South,AL,0.297
South,AL,0.307
South,AL,0.319
South,AL,0.373
South,AL,0.354
South,AL,0.318
South,AL,0.319
South,AL,0.385
South,AL,0.375
South,AL,0.339
South,AL,0.323
South,AL,0.315
South,AL,0.308
South,AL,0.311
South,AL,0.305
South,AL,0.345
South,AL,0.332
South,AL,0.313
South,AL,0.294
South,AL,0.309
South,AL,0.305
South,AL,0.387
South,AL,0.374
South,AL,0.338
South,AL,0.322
South,AL,0.321
South,AL,0.306
South,AL,0.374
South,AL,0.334
South,AL,0.345
South,AL,0.313
South,AL,0.365
South,AL,0.329
South,AL,0.383
South,AL,0.346
South,AL,0.303
South,AL,0.298
South,AL,0.331
South,AL,0.301
South,AL,0.323
South,AL,0.329
South,AL,0.299
South,AL,0.277
South,AL,0.373
South,AL,0.355
South,AL,0.326
South,AL,0.295
South,AL,0.348
South,AL,0.361
South,AL,0.264
South,AL,0.241
South,AL,0.303
South,AL,0.31
South,AL,0.36
South,AL,0.321
South,AL,0.33
South,AL,0.32
South,AL,0.263
South,AL,0.246
South,AL,0.344
South,AL,0.338
South,AL,0.423
South,AL,0.366
South,AL,0.351
South,AL,0.32
South,AL,0.307
South,AL,0.289
South,AL,0.346
South,AL,0.339
South,AL,0.293
South,AL,0.281
South,AL,0.301
South,AL,0.288
South,AL,0.335
South,AL,0.336
South,AL,0.347
South,AL,0.317
South,AL,0.326
South,AL,0.294
South,AL,0.349
South,AL,0.338
South,AL,0.352
South,AL,0.326
South,AL,0.245
South,AL,0.222
South,AL,0.34
South,AL,0.291
South,AL,0.312
South,AL,0.312
South,AL,0.36
South,AL,0.367
South,AL,0.321
South,AL,0.308
South,AL,0.285
South,AL,0.279
South,AL,0.384
South,AL,0.358
South,AL,0.321
South,AL,0.309
South,AL,0.33
South,AL,0.316
South,AL,0.351
South,AL,0.333
South,AR,0.392
South,AR,0.354
South,AR,0.374
South,AR,0.333
South,AR,0.309
South,AR,0.298
South,AR,0.266
South,AR,0.246
South,AR,0.33
South,AR,0.31
South,AR,0.343
South,AR,0.346
South,AR,0.364
South,AR,0.352
South,AR,0.305
South,AR,0.295
South,AR,0.35
South,AR,0.359
South,AR,0.318
South,AR,0.305
South,AR,0.365
South,AR,0.364
South,AR,0.308
South,AR,0.332
South,AR,0.287
South,AR,0.302
South,AR,0.304
South,AR,0.313
South,AR,0.294
South,AR,0.331
South,AR,0.341
South,AR,0.336
South,AR,0.328
South,AR,0.325
South,AR,0.326
South,AR,0.336
South,AR,0.347
South,AR,0.356
South,AR,0.36
South,AR,0.374
South,AR,0.339
South,AR,0.339
South,AR,0.329
South,AR,0.32
South,AR,0.292
South,AR,0.289
South,AR,0.322
South,AR,0.316
South,AR,0.365
South,AR,0.339
South,AR,0.262
South,AR,0.265
South,AR,0.315
South,AR,0.321
South,AR,0.339
South,AR,0.353
South,AR,0.324
South,AR,0.324
South,AR,0.34
South,AR,0.387
South,AR,0.331
South,AR,0.344
South,AR,0.357
South,AR,0.366
South,AR,0.349
South,AR,0.335
South,AR,0.385
South,AR,0.385
South,AR,0.364
South,AR,0.368
South,AR,0.344
South,AR,0.35
South,AR,0.326
South,AR,0.335
South,AR,0.328
South,AR,0.313
South,AR,0.346
South,AR,0.336
South,AR,0.307
South,AR,0.338
South,AR,0.319
South,AR,0.338
South,AR,0.359
South,AR,0.366
South,AR,0.29
South,AR,0.272
South,AR,0.312
South,AR,0.318
South,AR,0.291
South,AR,0.297
South,AR,0.325
South,AR,0.336
South,AR,0.411
South,AR,0.427
South,AR,0.352
South,AR,0.377
South,AR,0.282
South,AR,0.289
South,AR,0.345
South,AR,0.338
South,AR,0.371
South,AR,0.372
South,AR,0.371
South,AR,0.359
South,AR,0.309
South,AR,0.319
South,AR,0.374
South,AR,0.355
South,AR,0.279
South,AR,0.272
South,AR,0.369
South,AR,0.33
South,AR,0.328
South,AR,0.335
South,AR,0.27
South,AR,0.276
South,AR,0.343
South,AR,0.343
South,AR,0.295
South,AR,0.273
South,AR,0.328
South,AR,0.351
South,AR,0.288
South,AR,0.273
South,AR,0.352
South,AR,0.311
South,AR,0.324
South,AR,0.324
South,AR,0.315
South,AR,0.336
South,AR,0.316
South,AR,0.317
South,AR,0.31
South,AR,0.303
South,AR,0.359
South,AR,0.366
South,AR,0.33
South,AR,0.31
South,AR,0.316
South,AR,0.358
South,AR,0.293
South,AR,0.283
South,AR,0.253
South,AR,0.241
South,AR,0.277
South,AR,0.28
South,AR,0.309
South,AR,0.338
South,AR,0.287
South,AR,0.344
West,AZ,0.237
West,AZ,0.223
West,AZ,0.234
West,AZ,0.214
West,AZ,0.168
West,AZ,0.159
West,AZ,0.259
West,AZ,0.252
West,AZ,0.259
West,AZ,0.242
West,AZ,0.245
West,AZ,0.245
West,AZ,0.318
West,AZ,0.307
West,AZ,0.196
West,AZ,0.196
West,AZ,0.316
West,AZ,0.307
West,AZ,0.24
West,AZ,0.239
West,AZ,0.198
West,AZ,0.189
West,AZ,0.23
West,AZ,0.236
West,AZ,0.189
West,AZ,0.178
West,AZ,0.211
West,AZ,0.196
West,AZ,0.251
West,AZ,0.251
West,CA,0.16
West,CA,0.15
West,CA,0.172
West,CA,0.172
West,CA,0.168
West,CA,0.169
West,CA,0.177
West,CA,0.176
West,CA,0.158
West,CA,0.159
West,CA,0.164
West,CA,0.165
West,CA,0.18
West,CA,0.181
West,CA,0.152
West,CA,0.144
West,CA,0.2
West,CA,0.183
West,CA,0.187
West,CA,0.166
West,CA,0.172
West,CA,0.148
West,CA,0.231
West,CA,0.231
West,CA,0.159
West,CA,0.152
West,CA,0.221
West,CA,0.219
West,CA,0.196
West,CA,0.185
West,CA,0.201
West,CA,0.216
West,CA,0.166
West,CA,0.165
West,CA,0.181
West,CA,0.17
West,CA,0.186
West,CA,0.196
West,CA,0.108
West,CA,0.107
West,CA,0.205
West,CA,0.179
West,CA,0.188
West,CA,0.179
West,CA,0.187
West,CA,0.2
West,CA,0.204
West,CA,0.21
West,CA,0.126
West,CA,0.134
West,CA,0.154
West,CA,0.162
West,CA,0.142
West,CA,0.132
West,CA,0.134
West,CA,0.143
West,CA,0.16
West,CA,0.158
West,CA,0.145
West,CA,0.144
West,CA,0.177
West,CA,0.189
West,CA,0.203
West,CA,0.19
West,CA,0.184
West,CA,0.167
West,CA,0.151
West,CA,0.147
West,CA,0.204
West,CA,0.193
West,CA,0.161
West,CA,0.153
West,CA,0.159
West,CA,0.148
West,CA,0.213
West,CA,0.212
West,CA,0.146
West,CA,0.136
West,CA,0.154
West,CA,0.157
West,CA,0.15
West,CA,0.139
West,CA,0.162
West,CA,0.155
West,CA,0.11
West,CA,0.104
West,CA,0.199
West,CA,0.193
West,CA,0.193
West,CA,0.172
West,CA,0.198
West,CA,0.194
West,CA,0.206
West,CA,0.204
West,CA,0.137
West,CA,0.123
West,CA,0.205
West,CA,0.199
West,CA,0.208
West,CA,0.217
West,CA,0.169
West,CA,0.184
West,CA,0.21
West,CA,0.187
West,CA,0.216
West,CA,0.197
West,CA,0.193
West,CA,0.195
West,CA,0.17
West,CA,0.167
West,CA,0.15
West,CA,0.144
West,CA,0.224
West,CA,0.193
West,CO,0.204
West,CO,0.195
West,CO,0.207
West,CO,0.206
West,CO,0.165
West,CO,0.162
West,CO,0.171
West,CO,0.158
West,CO,0.234
West,CO,0.225
West,CO,0.225
West,CO,0.217
West,CO,0.108
West,CO,0.097
West,CO,0.153
West,CO,0.13
West,CO,0.156
West,CO,0.163
West,CO,0.229
West,CO,0.234
West,CO,0.168
West,CO,0.156
West,CO,0.198
West,CO,0.203
West,CO,0.215
West,CO,0.214
West,CO,0.233
West,CO,0.215
West,CO,0.212
West,CO,0.202
West,CO,0.208
West,CO,0.196
West,CO,0.143
West,CO,0.138
West,CO,0.209
West,CO,0.177
West,CO,0.11
West,CO,0.109
West,CO,0.104
West,CO,0.094
West,CO,0.172
West,CO,0.167
West,CO,0.196
West,CO,0.18
West,CO,0.191
West,CO,0.188
West,CO,0.138
West,CO,0.112
West,CO,0.186
West,CO,0.187
West,CO,0.155
West,CO,0.145
West,CO,0.136
West,CO,0.12
West,CO,0.258
West,CO,0.219
West,CO,0.143
West,CO,0.132
West,CO,0.206
West,CO,0.271
West,CO,0.235
West,CO,0.154
West,CO,0.133
West,CO,0.176
West,CO,0.167
West,CO,0.127
West,CO,0.122
West,CO,0.216
West,CO,0.2
West,CO,0.23
West,CO,0.221
West,CO,0.218
West,CO,0.203
West,CO,0.172
West,CO,0.178
West,CO,0.258
West,CO,0.246
West,CO,0.228
West,CO,0.204
West,CO,0.167
West,CO,0.166
West,CO,0.216
West,CO,0.204
West,CO,0.211
West,CO,0.207
West,CO,0.148
West,CO,0.149
West,CO,0.188
West,CO,0.181
West,CO,0.211
West,CO,0.205
West,CO,0.117
West,CO,0.102
West,CO,0.25
West,CO,0.233
West,CO,0.183
West,CO,0.188
West,CO,0.176
West,CO,0.168
West,CO,0.222
West,CO,0.202
West,CO,0.104
West,CO,0.103
West,CO,0.198
West,CO,0.186
West,CO,0.14
West,CO,0.128
West,CO,0.226
West,CO,0.214
West,CO,0.116
West,CO,0.092
West,CO,0.186
West,CO,0.17
West,CO,0.242
West,CO,0.198
West,CO,0.172
West,CO,0.177
West,CO,0.222
West,CO,0.209
Northeast,CT,0.201
Northeast,CT,0.198
Northeast,CT,0.233
Northeast,CT,0.227
Northeast,CT,0.2
Northeast,CT,0.197
Northeast,CT,0.214
Northeast,CT,0.202
Northeast,CT,0.254
Northeast,CT,0.241
Northeast,CT,0.234
Northeast,CT,0.214
Northeast,CT,0.192
Northeast,CT,0.172
Northeast,CT,0.249
Northeast,CT,0.235
South,DC,0.175
South,DE,0.276
South,DE,0.274
South,DE,0.227
South,DE,0.216
South,DE,0.262
South,DE,0.261
South,FL,0.214
South,FL,0.207
South,FL,0.321
South,FL,0.327
South,FL,0.246
South,FL,0.253
South,FL,0.311
South,FL,0.311
South,FL,0.251
South,FL,0.25
South,FL,0.236
South,FL,0.227
South,FL,0.32
South,FL,0.325
South,FL,0.228
South,FL,0.231
South,FL,0.263
South,FL,0.26
South,FL,0.248
South,FL,0.247
South,FL,0.175
South,FL,0.169
South,FL,0.304
South,FL,0.303
South,FL,0.311
South,FL,0.316
South,FL,0.334
South,FL,0.343
South,FL,0.256
South,FL,0.254
South,FL,0.257
South,FL,0.244
South,FL,0.249
South,FL,0.227
South,FL,0.288
South,FL,0.29
South,FL,0.325
South,FL,0.309
South,FL,0.286
South,FL,0.274
South,FL,0.338
South,FL,0.339
South,FL,0.276
South,FL,0.265
South,FL,0.331
South,FL,0.319
South,FL,0.309
South,FL,0.305
South,FL,0.314
South,FL,0.309
South,FL,0.262
South,FL,0.258
South,FL,0.28
South,FL,0.273
South,FL,0.232
South,FL,0.221
South,FL,0.329
South,FL,0.319
South,FL,0.238
South,FL,0.239
South,FL,0.319
South,FL,0.322
South,FL,0.285
South,FL,0.277
South,FL,0.292
South,FL,0.295
South,FL,0.234
South,FL,0.235
South,FL,0.244
South,FL,0.242
South,FL,0.204
South,FL,0.201
South,FL,0.334
South,FL,0.328
South,FL,0.329
South,FL,0.327
South,FL,0.302
South,FL,0.295
South,FL,0.247
South,FL,0.24
South,FL,0.274
South,FL,0.28
South,FL,0.204
South,FL,0.202
South,FL,0.237
South,FL,0.211
South,FL,0.182
South,FL,0.175
South,FL,0.238
South,FL,0.233
South,FL,0.234
South,FL,0.228
South,FL,0.308
South,FL,0.319
South,FL,0.236
South,FL,0.234
South,FL,0.269
South,FL,0.265
South,FL,0.226
South,FL,0.222
South,FL,0.294
South,FL,0.278
South,FL,0.199
South,FL,0.203
South,FL,0.257
South,FL,0.255
South,FL,0.337
South,FL,0.333
South,FL,0.247
South,FL,0.243
South,FL,0.192
South,FL,0.197
South,FL,0.208
South,FL,0.207
South,FL,0.18
South,FL,0.171
South,FL,0.261
South,FL,0.247
South,FL,0.216
South,FL,0.201
South,FL,0.3
South,FL,0.288
South,FL,0.314
South,FL,0.32
South,FL,0.311
South,FL,0.303
South,FL,0.257
South,FL,0.269
South,FL,0.277
South,FL,0.275
South,FL,0.268
South,FL,0.262
South,FL,0.317
South,FL,0.301
South,GA,0.324
South,GA,0.293
South,GA,0.301
South,GA,0.317
South,GA,0.334
South,GA,0.321
South,GA,0.294
South,GA,0.292
South,GA,0.292
South,GA,0.292
South,GA,0.271
South,GA,0.295
South,GA,0.307
South,GA,0.308
South,GA,0.269
South,GA,0.261
South,GA,0.326
South,GA,0.322
South,GA,0.309
South,GA,0.344
South,GA,0.269
South,GA,0.276
South,GA,0.287
South,GA,0.274
South,GA,0.265
South,GA,0.251
South,GA,0.313
South,GA,0.302
South,GA,0.231
South,GA,0.24
South,GA,0.242
South,GA,0.244
South,GA,0.314
South,GA,0.286
South,GA,0.269
South,GA,0.291
South,GA,0.294
South,GA,0.282
South,GA,0.236
South,GA,0.236
South,GA,0.278
South,GA,0.297
South,GA,0.278
South,GA,0.27
South,GA,0.328
South,GA,0.302
South,GA,0.302
South,GA,0.281
South,GA,0.241
South,GA,0.237
South,GA,0.259
South,GA,0.269
South,GA,0.281
South,GA,0.275
South,GA,0.227
South,GA,0.225
South,GA,0.235
South,GA,0.247
South,GA,0.312
South,GA,0.311
South,GA,0.277
South,GA,0.258
South,GA,0.311
South,GA,0.296
South,GA,0.201
South,GA,0.194
South,GA,0.307
South,GA,0.334
South,GA,0.292
South,GA,0.304
South,GA,0.233
South,GA,0.234
South,GA,0.298
South,GA,0.281
South,GA,0.259
South,GA,0.259
South,GA,0.286
South,GA,0.295
South,GA,0.362
South,GA,0.326
South,GA,0.271
South,GA,0.279
South,GA,0.232
South,GA,0.239
South,GA,0.21
South,GA,0.196
South,GA,0.303
South,GA,0.291
South,GA,0.316
South,GA,0.308
South,GA,0.288
South,GA,0.312
South,GA,0.275
South,GA,0.275
South,GA,0.268
South,GA,0.254
South,GA,0.299
South,GA,0.305
South,GA,0.269
South,GA,0.277
South,GA,0.248
South,GA,0.261
South,GA,0.31
South,GA,0.3
South,GA,0.277
South,GA,0.285
South,GA,0.321
South,GA,0.306
South,GA,0.251
South,GA,0.256
South,GA,0.218
South,GA,0.219
South,GA,0.311
South,GA,0.289
South,GA,0.177
South,GA,0.169
South,GA,0.301
South,GA,0.316
South,GA,0.196
South,GA,0.184
South,GA,0.281
South,GA,0.275
South,GA,0.287
South,GA,0.286
South,GA,0.282
South,GA,0.286
South,GA,0.253
South,GA,0.222
South,GA,0.298
South,GA,0.303
South,GA,0.28
South,GA,0.303
South,GA,0.211
South,GA,0.202
South,GA,0.267
South,GA,0.291
South,GA,0.247
South,GA,0.23
South,GA,0.286
South,GA,0.283
South,GA,0.29
South,GA,0.28
South,GA,0.222
South,GA,0.211
South,GA,0.263
South,GA,0.249
South,GA,0.29
South,GA,0.278
South,GA,0.246
South,GA,0.236
South,GA,0.248
South,GA,0.252
South,GA,0.267
South,GA,0.258
South,GA,0.265
South,GA,0.259
South,GA,0.294
South,GA,0.288
South,GA,0.308
South,GA,0.297
South,GA,0.304
South,GA,0.276
South,GA,0.272
South,GA,0.28
South,GA,0.307
South,GA,0.308
South,GA,0.296
South,GA,0.284
South,GA,0.282
South,GA,0.287
South,GA,0.298
South,GA,0.269
South,GA,0.308
South,GA,0.291
South,GA,0.246
South,GA,0.253
South,GA,0.273
South,GA,0.285
South,GA,0.318
South,GA,0.306
South,GA,0.264
South,GA,0.261
South,GA,0.273
South,GA,0.284
South,GA,0.22
South,GA,0.226
South,GA,0.272
South,GA,0.29
South,GA,0.27
South,GA,0.277
South,GA,0.32
South,GA,0.326
South,GA,0.29
South,GA,0.299
South,GA,0.287
South,GA,0.299
South,GA,0.291
South,GA,0.314
South,GA,0.374
South,GA,0.354
South,GA,0.328
South,GA,0.318
South,GA,0.27
South,GA,0.269
South,GA,0.278
South,GA,0.301
South,GA,0.27
South,GA,0.273
South,GA,0.336
South,GA,0.317
South,GA,0.296
South,GA,0.283
South,GA,0.272
South,GA,0.255
South,GA,0.23
South,GA,0.217
South,GA,0.268
South,GA,0.258
South,GA,0.258
South,GA,0.243
South,GA,0.29
South,GA,0.274
South,GA,0.236
South,GA,0.226
South,GA,0.306
South,GA,0.316
South,GA,0.292
South,GA,0.3
South,GA,0.281
South,GA,0.31
South,GA,0.31
South,GA,0.314
South,GA,0.254
South,GA,0.243
South,GA,0.301
South,GA,0.301
South,GA,0.245
South,GA,0.251
South,GA,0.347
South,GA,0.343
South,GA,0.28
South,GA,0.277
South,GA,0.293
South,GA,0.289
South,GA,0.275
South,GA,0.267
South,GA,0.344
South,GA,0.329
South,GA,0.313
South,GA,0.317
South,GA,0.286
South,GA,0.271
South,GA,0.269
South,GA,0.294
South,GA,0.285
South,GA,0.289
South,GA,0.304
South,GA,0.288
South,GA,0.308
South,GA,0.304
South,GA,0.328
South,GA,0.309
South,GA,0.308
South,GA,0.321
South,GA,0.297
South,GA,0.312
South,GA,0.31
South,GA,0.316
South,GA,0.305
South,GA,0.295
South,GA,0.262
South,GA,0.263
South,GA,0.306
South,GA,0.295
South,GA,0.312
South,GA,0.298
South,GA,0.284
South,GA,0.256
South,GA,0.31
South,GA,0.311
South,GA,0.3
South,GA,0.295
South,GA,0.352
South,GA,0.331
South,GA,0.319
South,GA,0.308
South,GA,0.278
South,GA,0.263
South,GA,0.281
South,GA,0.292
South,GA,0.337
South,GA,0.321
South,GA,0.294
South,GA,0.263
South,GA,0.331
South,GA,0.309
South,GA,0.291
South,GA,0.316
South,GA,0.278
South,GA,0.285
South,GA,0.309
South,GA,0.296
South,GA,0.299
South,GA,0.296
South,GA,0.304
South,GA,0.305
South,GA,0.248
South,GA,0.243
South,GA,0.32
South,GA,0.328
South,GA,0.278
South,GA,0.277
South,GA,0.281
South,GA,0.297
South,GA,0.275
South,GA,0.29
South,GA,0.269
South,GA,0.289
West,HI,0.188
West,HI,0.19
West,HI,0.194
West,HI,0.183
West,HI,0.17
West,HI,0.17
West,HI,0.177
West,HI,0.171
Midwest,IA,0.299
Midwest,IA,0.305
Midwest,IA,0.288
Midwest,IA,0.27
Midwest,IA,0.228
Midwest,IA,0.223
Midwest,IA,0.282
Midwest,IA,0.314
Midwest,IA,0.275
Midwest,IA,0.246
Midwest,IA,0.261
Midwest,IA,0.252
Midwest,IA,0.23
Midwest,IA,0.224
Midwest,IA,0.288
Midwest,IA,0.269
Midwest,IA,0.22
Midwest,IA,0.226
Midwest,IA,0.275
Midwest,IA,0.276
Midwest,IA,0.255
Midwest,IA,0.242
Midwest,IA,0.27
Midwest,IA,0.265
Midwest,IA,0.277
Midwest,IA,0.237
Midwest,IA,0.266
Midwest,IA,0.221
Midwest,IA,0.291
Midwest,IA,0.276
Midwest,IA,0.283
Midwest,IA,0.302
Midwest,IA,0.245
Midwest,IA,0.276
Midwest,IA,0.248
Midwest,IA,0.265
Midwest,IA,0.312
Midwest,IA,0.269
Midwest,IA,0.303
Midwest,IA,0.265
Midwest,IA,0.268
Midwest,IA,0.239
Midwest,IA,0.282
Midwest,IA,0.264
Midwest,IA,0.288
Midwest,IA,0.271
Midwest,IA,0.314
Midwest,IA,0.301
Midwest,IA,0.266
Midwest,IA,0.277
Midwest,IA,0.287
Midwest,IA,0.279
Midwest,IA,0.279
Midwest,IA,0.255
Midwest,IA,0.325
Midwest,IA,0.318
Midwest,IA,0.288
Midwest,IA,0.272
Midwest,IA,0.243
Midwest,IA,0.241
Midwest,IA,0.213
Midwest,IA,0.205
Midwest,IA,0.285
Midwest,IA,0.289
Midwest,IA,0.271
Midwest,IA,0.28
Midwest,IA,0.269
Midwest,IA,0.249
Midwest,IA,0.276
Midwest,IA,0.264
Midwest,IA,0.296
Midwest,IA,0.258
Midwest,IA,0.288
Midwest,IA,0.279
Midwest,IA,0.281
Midwest,IA,0.269
Midwest,IA,0.29
Midwest,IA,0.286
Midwest,IA,0.229
Midwest,IA,0.249
Midwest,IA,0.246
Midwest,IA,0.267
Midwest,IA,0.31
Midwest,IA,0.309
Midwest,IA,0.318
Midwest,IA,0.292
Midwest,IA,0.274
Midwest,IA,0.265
Midwest,IA,0.245
Midwest,IA,0.246
Midwest,IA,0.27
Midwest,IA,0.275
Midwest,IA,0.283
Midwest,IA,0.286
Midwest,IA,0.292
Midwest,IA,0.257
Midwest,IA,0.245
Midwest,IA,0.242
Midwest,IA,0.276
Midwest,IA,0.287
Midwest,IA,0.226
Midwest,IA,0.206
Midwest,IA,0.183
Midwest,IA,0.169
Midwest,IA,0.259
Midwest,IA,0.246
Midwest,IA,0.264
Midwest,IA,0.269
Midwest,IA,0.316
Midwest,IA,0.286
Midwest,IA,0.29
Midwest,IA,0.269
Midwest,IA,0.232
Midwest,IA,0.226
Midwest,IA,0.306
Midwest,IA,0.295
Midwest,IA,0.282
Midwest,IA,0.259
Midwest,IA,0.294
Midwest,IA,0.279
Midwest,IA,0.221
Midwest,IA,0.235
Midwest,IA,0.307
Midwest,IA,0.266
Midwest,IA,0.252
Midwest,IA,0.229
Midwest,IA,0.262
Midwest,IA,0.241
Midwest,IA,0.265
Midwest,IA,0.274
Midwest,IA,0.3
Midwest,IA,0.262
Midwest,IA,0.288
Midwest,IA,0.271
Midwest,IA,0.326
Midwest,IA,0.317
Midwest,IA,0.274
Midwest,IA,0.265
Midwest,IA,0.253
Midwest,IA,0.261
Midwest,IA,0.275
Midwest,IA,0.233
Midwest,IA,0.279
Midwest,IA,0.262
Midwest,IA,0.28
Midwest,IA,0.288
Midwest,IA,0.271
Midwest,IA,0.273
Midwest,IA,0.266
Midwest,IA,0.242
Midwest,IA,0.276
Midwest,IA,0.293
Midwest,IA,0.231
Midwest,IA,0.215
Midwest,IA,0.299
Midwest,IA,0.282
Midwest,IA,0.244
Midwest,IA,0.217
Midwest,IA,0.306
Midwest,IA,0.276
Midwest,IA,0.259
Midwest,IA,0.24
Midwest,IA,0.22
Midwest,IA,0.213
Midwest,IA,0.292
Midwest,IA,0.276
Midwest,IA,0.27
Midwest,IA,0.251
Midwest,IA,0.201
Midwest,IA,0.194
Midwest,IA,0.329
Midwest,IA,0.32
Midwest,IA,0.245
Midwest,IA,0.24
Midwest,IA,0.269
Midwest,IA,0.267
Midwest,IA,0.271
Midwest,IA,0.285
Midwest,IA,0.289
Midwest,IA,0.298
Midwest,IA,0.302
Midwest,IA,0.279
Midwest,IA,0.234
Midwest,IA,0.235
Midwest,IA,0.286
Midwest,IA,0.26
Midwest,IA,0.265
Midwest,IA,0.252
Midwest,IA,0.275
Midwest,IA,0.303
Midwest,IA,0.224
Midwest,IA,0.187
Midwest,IA,0.286
Midwest,IA,0.27
Midwest,IA,0.269
Midwest,IA,0.276
Midwest,IA,0.31
Midwest,IA,0.301
West,ID,0.153
West,ID,0.154
West,ID,0.232
West,ID,0.23
West,ID,0.201
West,ID,0.198
West,ID,0.286
West,ID,0.267
West,ID,0.257
West,ID,0.237
West,ID,0.23
West,ID,0.234
West,ID,0.146
West,ID,0.144
West,ID,0.216
West,ID,0.215
West,ID,0.204
West,ID,0.22
West,ID,0.193
West,ID,0.189
West,ID,0.242
West,ID,0.219
West,ID,0.221
West,ID,0.223
West,ID,0.227
West,ID,0.224
West,ID,0.269
West,ID,0.258
West,ID,0.236
West,ID,0.237
West,ID,0.255
West,ID,0.233
West,ID,0.229
West,ID,0.228
West,ID,0.228
West,ID,0.254
West,ID,0.237
West,ID,0.222
West,ID,0.197
West,ID,0.198
West,ID,0.227
West,ID,0.22
West,ID,0.267
West,ID,0.233
West,ID,0.256
West,ID,0.246
West,ID,0.236
West,ID,0.216
West,ID,0.197
West,ID,0.207
West,ID,0.185
West,ID,0.175
West,ID,0.174
West,ID,0.158
West,ID,0.169
West,ID,0.18
West,ID,0.236
West,ID,0.216
West,ID,0.243
West,ID,0.239
West,ID,0.212
West,ID,0.173
West,ID,0.268
West,ID,0.239
West,ID,0.241
West,ID,0.229
West,ID,0.231
West,ID,0.199
West,ID,0.305
West,ID,0.265
West,ID,0.244
West,ID,0.236
West,ID,0.245
West,ID,0.203
West,ID,0.268
West,ID,0.26
West,ID,0.149
West,ID,0.146
West,ID,0.224
West,ID,0.215
West,ID,0.241
West,ID,0.215
West,ID,0.264
West,ID,0.257
Midwest,IL,0.288
Midwest,IL,0.248
Midwest,IL,0.303
Midwest,IL,0.291
Midwest,IL,0.297
Midwest,IL,0.27
Midwest,IL,0.251
Midwest,IL,0.247
Midwest,IL,0.278
Midwest,IL,0.272
Midwest,IL,0.313
Midwest,IL,0.313
Midwest,IL,0.335
Midwest,IL,0.323
Midwest,IL,0.268
Midwest,IL,0.256
Midwest,IL,0.301
Midwest,IL,0.263
Midwest,IL,0.22
Midwest,IL,0.206
Midwest,IL,0.284
Midwest,IL,0.308
Midwest,IL,0.271
Midwest,IL,0.273
Midwest,IL,0.308
Midwest,IL,0.336
Midwest,IL,0.307
Midwest,IL,0.299
Midwest,IL,0.221
Midwest,IL,0.226
Midwest,IL,0.222
Midwest,IL,0.213
Midwest,IL,0.317
Midwest,IL,0.285
Midwest,IL,0.281
Midwest,IL,0.285
Midwest,IL,0.288
Midwest,IL,0.286
Midwest,IL,0.217
Midwest,IL,0.2
Midwest,IL,0.28
Midwest,IL,0.275
Midwest,IL,0.191
Midwest,IL,0.19
Midwest,IL,0.266
Midwest,IL,0.241
Midwest,IL,0.26
Midwest,IL,0.273
Midwest,IL,0.267
Midwest,IL,0.266
Midwest,IL,0.285
Midwest,IL,0.243
Midwest,IL,0.306
Midwest,IL,0.286
Midwest,IL,0.303
Midwest,IL,0.293
Midwest,IL,0.296
Midwest,IL,0.272
Midwest,IL,0.298
Midwest,IL,0.29
Midwest,IL,0.274
Midwest,IL,0.281
Midwest,IL,0.309
Midwest,IL,0.268
Midwest,IL,0.293
Midwest,IL,0.269
Midwest,IL,0.313
Midwest,IL,0.303
Midwest,IL,0.283
Midwest,IL,0.293
Midwest,IL,0.294
Midwest,IL,0.276
Midwest,IL,0.282
Midwest,IL,0.257
Midwest,IL,0.312
Midwest,IL,0.296
Midwest,IL,0.233
Midwest,IL,0.234
Midwest,IL,0.293
Midwest,IL,0.274
Midwest,IL,0.279
Midwest,IL,0.284
Midwest,IL,0.302
Midwest,IL,0.318
Midwest,IL,0.301
Midwest,IL,0.291
Midwest,IL,0.302
Midwest,IL,0.265
Midwest,IL,0.228
Midwest,IL,0.205
Midwest,IL,0.276
Midwest,IL,0.27
Midwest,IL,0.206
Midwest,IL,0.19
Midwest,IL,0.318
Midwest,IL,0.287
Midwest,IL,0.274
Midwest,IL,0.23
Midwest,IL,0.194
Midwest,IL,0.193
Midwest,IL,0.285
Midwest,IL,0.286
Midwest,IL,0.266
Midwest,IL,0.254
Midwest,IL,0.301
Midwest,IL,0.318
Midwest,IL,0.271
Midwest,IL,0.261
Midwest,IL,0.272
Midwest,IL,0.248
Midwest,IL,0.306
Midwest,IL,0.307
Midwest,IL,0.269
Midwest,IL,0.282
Midwest,IL,0.322
Midwest,IL,0.328
Midwest,IL,0.301
Midwest,IL,0.269
Midwest,IL,0.279
Midwest,IL,0.277
Midwest,IL,0.299
Midwest,IL,0.305
Midwest,IL,0.254
Midwest,IL,0.229
Midwest,IL,0.225
Midwest,IL,0.221
Midwest,IL,0.254
Midwest,IL,0.239
Midwest,IL,0.289
Midwest,IL,0.291
Midwest,IL,0.271
Midwest,IL,0.3
Midwest,IL,0.267
Midwest,IL,0.267
Midwest,IL,0.235
Midwest,IL,0.236
Midwest,IL,0.312
Midwest,IL,0.292
Midwest,IL,0.307
Midwest,IL,0.284
Midwest,IL,0.274
Midwest,IL,0.254
Midwest,IL,0.245
Midwest,IL,0.232
Midwest,IL,0.274
Midwest,IL,0.264
Midwest,IL,0.281
Midwest,IL,0.256
Midwest,IL,0.258
Midwest,IL,0.303
Midwest,IL,0.279
Midwest,IL,0.29
Midwest,IL,0.301
Midwest,IL,0.28
Midwest,IL,0.278
Midwest,IL,0.279
Midwest,IL,0.254
Midwest,IL,0.249
Midwest,IL,0.294
Midwest,IL,0.292
Midwest,IL,0.258
Midwest,IL,0.267
Midwest,IL,0.32
Midwest,IL,0.314
Midwest,IL,0.27
Midwest,IL,0.267
Midwest,IL,0.3
Midwest,IL,0.282
Midwest,IL,0.284
Midwest,IL,0.258
Midwest,IL,0.311
Midwest,IL,0.331
Midwest,IL,0.291
Midwest,IL,0.278
Midwest,IL,0.281
Midwest,IL,0.278
Midwest,IL,0.289
Midwest,IL,0.266
Midwest,IL,0.291
Midwest,IL,0.285
Midwest,IL,0.301
Midwest,IL,0.279
Midwest,IL,0.271
Midwest,IL,0.266
Midwest,IL,0.302
Midwest,IL,0.298
Midwest,IL,0.279
Midwest,IL,0.283
Midwest,IL,0.283
Midwest,IL,0.276
Midwest,IL,0.293
Midwest,IL,0.294
Midwest,IL,0.285
Midwest,IL,0.282
Midwest,IL,0.274
Midwest,IL,0.283
Midwest,IL,0.237
Midwest,IL,0.226
Midwest,IL,0.293
Midwest,IL,0.311
Midwest,IL,0.264
Midwest,IL,0.267
Midwest,IL,0.227
Midwest,IL,0.238
Midwest,IN,0.285
Midwest,IN,0.299
Midwest,IN,0.258
Midwest,IN,0.239
Midwest,IN,0.273
Midwest,IN,0.27
Midwest,IN,0.352
Midwest,IN,0.339
Midwest,IN,0.307
Midwest,IN,0.309
Midwest,IN,0.286
Midwest,IN,0.268
Midwest,IN,0.27
Midwest,IN,0.273
Midwest,IN,0.28
Midwest,IN,0.278
Midwest,IN,0.272
Midwest,IN,0.271
Midwest,IN,0.315
Midwest,IN,0.334
Midwest,IN,0.309
Midwest,IN,0.27
Midwest,IN,0.287
Midwest,IN,0.3
Midwest,IN,0.351
Midwest,IN,0.32
Midwest,IN,0.301
Midwest,IN,0.317
Midwest,IN,0.285
Midwest,IN,0.274
Midwest,IN,0.281
Midwest,IN,0.279
Midwest,IN,0.279
Midwest,IN,0.323
Midwest,IN,0.315
Midwest,IN,0.298
Midwest,IN,0.234
Midwest,IN,0.21
Midwest,IN,0.269
Midwest,IN,0.266
Midwest,IN,0.347
Midwest,IN,0.32
Midwest,IN,0.275
Midwest,IN,0.294
Midwest,IN,0.313
Midwest,IN,0.318
Midwest,IN,0.273
Midwest,IN,0.271
Midwest,IN,0.263
Midwest,IN,0.24
Midwest,IN,0.307
Midwest,IN,0.31
Midwest,IN,0.338
Midwest,IN,0.309
Midwest,IN,0.287
Midwest,IN,0.284
Midwest,IN,0.195
Midwest,IN,0.18
Midwest,IN,0.257
Midwest,IN,0.256
Midwest,IN,0.311
Midwest,IN,0.277
Midwest,IN,0.259
Midwest,IN,0.275
Midwest,IN,0.31
Midwest,IN,0.294
Midwest,IN,0.307
Midwest,IN,0.293
Midwest,IN,0.326
Midwest,IN,0.302
Midwest,IN,0.308
Midwest,IN,0.303
Midwest,IN,0.292
Midwest,IN,0.26
Midwest,IN,0.32
Midwest,IN,0.336
Midwest,IN,0.296
Midwest,IN,0.274
Midwest,IN,0.288
Midwest,IN,0.267
Midwest,IN,0.247
Midwest,IN,0.23
Midwest,IN,0.339
Midwest,IN,0.319
Midwest,IN,0.263
Midwest,IN,0.228
Midwest,IN,0.27
Midwest,IN,0.268
Midwest,IN,0.251
Midwest,IN,0.271
Midwest,IN,0.295
Midwest,IN,0.295
Midwest,IN,0.301
Midwest,IN,0.289
Midwest,IN,0.341
Midwest,IN,0.302
Midwest,IN,0.272
Midwest,IN,0.26
Midwest,IN,0.291
Midwest,IN,0.266
Midwest,IN,0.331
Midwest,IN,0.317
Midwest,IN,0.293
Midwest,IN,0.283
Midwest,IN,0.218
Midwest,IN,0.19
Midwest,IN,0.283
Midwest,IN,0.25
Midwest,IN,0.295
Midwest,IN,0.301
Midwest,IN,0.296
Midwest,IN,0.28
Midwest,IN,0.252
Midwest,IN,0.251
Midwest,IN,0.288
Midwest,IN,0.266
Midwest,IN,0.365
Midwest,IN,0.356
Midwest,IN,0.308
Midwest,IN,0.273
Midwest,IN,0.319
Midwest,IN,0.303
Midwest,IN,0.27
Midwest,IN,0.247
Midwest,IN,0.322
Midwest,IN,0.291
Midwest,IN,0.28
Midwest,IN,0.263
Midwest,IN,0.274
Midwest,IN,0.267
Midwest,IN,0.286
Midwest,IN,0.245
Midwest,IN,0.315
Midwest,IN,0.287
Midwest,IN,0.388
Midwest,IN,0.348
Midwest,IN,0.292
Midwest,IN,0.262
Midwest,IN,0.335
Midwest,IN,0.335
Midwest,IN,0.306
Midwest,IN,0.293
Midwest,IN,0.306
Midwest,IN,0.292
Midwest,IN,0.282
Midwest,IN,0.281
Midwest,IN,0.262
Midwest,IN,0.248
Midwest,IN,0.38
Midwest,IN,0.372
Midwest,IN,0.276
Midwest,IN,0.251
Midwest,IN,0.34
Midwest,IN,0.322
Midwest,IN,0.306
Midwest,IN,0.33
Midwest,IN,0.254
Midwest,IN,0.253
Midwest,IN,0.317
Midwest,IN,0.302
Midwest,IN,0.269
Midwest,IN,0.291
Midwest,IN,0.294
Midwest,IN,0.275
Midwest,IN,0.319
Midwest,IN,0.301
Midwest,IN,0.294
Midwest,IN,0.278
Midwest,IN,0.296
Midwest,IN,0.301
Midwest,IN,0.309
Midwest,IN,0.259
Midwest,IN,0.229
Midwest,IN,0.229
Midwest,IN,0.345
Midwest,IN,0.298
Midwest,IN,0.295
Midwest,IN,0.278
Midwest,IN,0.253
Midwest,IN,0.28
Midwest,IN,0.295
Midwest,IN,0.266
Midwest,IN,0.195
Midwest,IN,0.199
Midwest,KS,0.282
Midwest,KS,0.285
Midwest,KS,0.3
Midwest,KS,0.305
Midwest,KS,0.299
Midwest,KS,0.281
Midwest,KS,0.345
Midwest,KS,0.322
Midwest,KS,0.288
Midwest,KS,0.29
Midwest,KS,0.254
Midwest,KS,0.267
Midwest,KS,0.315
Midwest,KS,0.31
Midwest,KS,0.253
Midwest,KS,0.248
Midwest,KS,0.236
Midwest,KS,0.259
Midwest,KS,0.308
Midwest,KS,0.315
Midwest,KS,0.292
Midwest,KS,0.337
Midwest,KS,0.274
Midwest,KS,0.297
Midwest,KS,0.297
Midwest,KS,0.287
Midwest,KS,0.281
Midwest,KS,0.252
Midwest,KS,0.262
Midwest,KS,0.283
Midwest,KS,0.271
Midwest,KS,0.265
Midwest,KS,0.268
Midwest,KS,0.277
Midwest,KS,0.306
Midwest,KS,0.277
Midwest,KS,0.253
Midwest,KS,0.283
Midwest,KS,0.282
Midwest,KS,0.28
Midwest,KS,0.269
Midwest,KS,0.295
Midwest,KS,0.258
Midwest,KS,0.179
Midwest,KS,0.179
Midwest,KS,0.286
Midwest,KS,0.279
Midwest,KS,0.269
Midwest,KS,0.272
Midwest,KS,0.261
Midwest,KS,0.264
Midwest,KS,0.279
Midwest,KS,0.3
Midwest,KS,0.244
Midwest,KS,0.237
Midwest,KS,0.285
Midwest,KS,0.3
Midwest,KS,0.298
Midwest,KS,0.3
Midwest,KS,0.266
Midwest,KS,0.259
Midwest,KS,0.308
Midwest,KS,0.291
Midwest,KS,0.268
Midwest,KS,0.277
Midwest,KS,0.252
Midwest,KS,0.264
Midwest,KS,0.261
Midwest,KS,0.244
Midwest,KS,0.322
Midwest,KS,0.273
Midwest,KS,0.248
Midwest,KS,0.225
Midwest,KS,0.357
Midwest,KS,0.315
Midwest,KS,0.264
Midwest,KS,0.266
Midwest,KS,0.291
Midwest,KS,0.309
Midwest,KS,0.296
Midwest,KS,0.286
Midwest,KS,0.232
Midwest,KS,0.223
Midwest,KS,0.294
Midwest,KS,0.302
Midwest,KS,0.179
Midwest,KS,0.171
Midwest,KS,0.263
Midwest,KS,0.282
Midwest,KS,0.315
Midwest,KS,0.323
Midwest,KS,0.288
Midwest,KS,0.312
Midwest,KS,0.306
Midwest,KS,0.264
Midwest,KS,0.257
Midwest,KS,0.25
Midwest,KS,0.28
Midwest,KS,0.272
Midwest,KS,0.298
Midwest,KS,0.274
Midwest,KS,0.313
Midwest,KS,0.281
Midwest,KS,0.238
Midwest,KS,0.235
Midwest,KS,0.293
Midwest,KS,0.251
Midwest,KS,0.297
Midwest,KS,0.301
Midwest,KS,0.246
Midwest,KS,0.242
Midwest,KS,0.266
Midwest,KS,0.29
Midwest,KS,0.258
Midwest,KS,0.263
Midwest,KS,0.283
Midwest,KS,0.281
Midwest,KS,0.297
Midwest,KS,0.301
Midwest,KS,0.247
Midwest,KS,0.269
Midwest,KS,0.318
Midwest,KS,0.31
Midwest,KS,0.269
Midwest,KS,0.25
Midwest,KS,0.321
Midwest,KS,0.3
Midwest,KS,0.286
Midwest,KS,0.293
Midwest,KS,0.27
Midwest,KS,0.267
Midwest,KS,0.303
Midwest,KS,0.29
Midwest,KS,0.291
Midwest,KS,0.273
Midwest,KS,0.297
Midwest,KS,0.293
Midwest,KS,0.291
Midwest,KS,0.273
Midwest,KS,0.301
Midwest,KS,0.312
Midwest,KS,0.237
Midwest,KS,0.233
Midwest,KS,0.265
Midwest,KS,0.233
Midwest,KS,0.306
Midwest,KS,0.327
Midwest,KS,0.243
Midwest,KS,0.235
Midwest,KS,0.296
Midwest,KS,0.312
Midwest,KS,0.251
Midwest,KS,0.255
Midwest,KS,0.172
Midwest,KS,0.167
Midwest,KS,0.273
Midwest,KS,0.29
Midwest,KS,0.267
Midwest,KS,0.278
Midwest,KS,0.263
Midwest,KS,0.249
Midwest,KS,0.243
Midwest,KS,0.235
Midwest,KS,0.282
Midwest,KS,0.301
Midwest,KS,0.248
Midwest,KS,0.245
Midwest,KS,0.293
Midwest,KS,0.283
Midwest,KS,0.245
Midwest,KS,0.242
Midwest,KS,0.281
Midwest,KS,0.273
Midwest,KS,0.287
Midwest,KS,0.299
Midwest,KS,0.304
Midwest,KS,0.269
Midwest,KS,0.314
Midwest,KS,0.304
Midwest,KS,0.287
Midwest,KS,0.307
Midwest,KS,0.281
Midwest,KS,0.286
Midwest,KS,0.225
Midwest,KS,0.248
Midwest,KS,0.279
Midwest,KS,0.239
Midwest,KS,0.259
Midwest,KS,0.231
Midwest,KS,0.277
Midwest,KS,0.311
Midwest,KS,0.309
Midwest,KS,0.287
Midwest,KS,0.267
Midwest,KS,0.266
Midwest,KS,0.322
Midwest,KS,0.296
Midwest,KS,0.334
Midwest,KS,0.324
South,KY,0.347
South,KY,0.319
South,KY,0.285
South,KY,0.299
South,KY,0.338
South,KY,0.314
South,KY,0.334
South,KY,0.35
South,KY,0.31
South,KY,0.318
South,KY,0.354
South,KY,0.351
South,KY,0.308
South,KY,0.302
South,KY,0.256
South,KY,0.232
South,KY,0.365
South,KY,0.361
South,KY,0.345
South,KY,0.326
South,KY,0.283
South,KY,0.263
South,KY,0.331
South,KY,0.314
South,KY,0.349
South,KY,0.342
South,KY,0.342
South,KY,0.335
South,KY,0.366
South,KY,0.321
South,KY,0.343
South,KY,0.336
South,KY,0.304
South,KY,0.299
South,KY,0.242
South,KY,0.224
South,KY,0.261
South,KY,0.245
South,KY,0.304
South,KY,0.291
South,KY,0.312
South,KY,0.264
South,KY,0.395
South,KY,0.371
South,KY,0.381
South,KY,0.341
South,KY,0.309
South,KY,0.315
South,KY,0.305
South,KY,0.266
South,KY,0.336
South,KY,0.336
South,KY,0.364
South,KY,0.337
South,KY,0.369
South,KY,0.356
South,KY,0.366
South,KY,0.319
South,KY,0.27
South,KY,0.254
South,KY,0.328
South,KY,0.353
South,KY,0.378
South,KY,0.395
South,KY,0.327
South,KY,0.325
South,KY,0.235
South,KY,0.231
South,KY,0.35
South,KY,0.345
South,KY,0.394
South,KY,0.378
South,KY,0.293
South,KY,0.302
South,KY,0.358
South,KY,0.339
South,KY,0.367
South,KY,0.395
South,KY,0.342
South,KY,0.35
South,KY,0.337
South,KY,0.302
South,KY,0.334
South,KY,0.3
South,KY,0.363
South,KY,0.344
South,KY,0.382
South,KY,0.317
South,KY,0.329
South,KY,0.322
South,KY,0.3
South,KY,0.296
South,KY,0.299
South,KY,0.295
South,KY,0.389
South,KY,0.383
South,KY,0.315
South,KY,0.31
South,KY,0.343
South,KY,0.346
South,KY,0.296
South,KY,0.276
South,KY,0.341
South,KY,0.341
South,KY,0.333
South,KY,0.321
South,KY,0.338
South,KY,0.323
South,KY,0.332
South,KY,0.323
South,KY,0.285
South,KY,0.258
South,KY,0.313
South,KY,0.281
South,KY,0.37
South,KY,0.359
South,KY,0.264
South,KY,0.244
South,KY,0.383
South,KY,0.396
South,KY,0.351
South,KY,0.345
South,KY,0.34
South,KY,0.326
South,KY,0.334
South,KY,0.323
South,KY,0.346
South,KY,0.363
South,KY,0.366
South,KY,0.369
South,KY,0.363
South,KY,0.359
South,KY,0.368
South,KY,0.377
South,KY,0.368
South,KY,0.386
South,KY,0.358
South,KY,0.357
South,KY,0.317
South,KY,0.317
South,KY,0.347
South,KY,0.328
South,KY,0.308
South,KY,0.324
South,KY,0.298
South,KY,0.279
South,KY,0.412
South,KY,0.369
South,KY,0.315
South,KY,0.29
South,KY,0.28
South,KY,0.264
South,KY,0.375
South,KY,0.361
South,KY,0.322
South,KY,0.296
South,KY,0.29
South,KY,0.275
South,KY,0.347
South,KY,0.323
South,KY,0.36
South,KY,0.309
South,KY,0.298
South,KY,0.273
South,KY,0.314
South,KY,0.297
South,KY,0.301
South,KY,0.276
South,KY,0.307
South,KY,0.332
South,KY,0.319
South,KY,0.272
South,KY,0.296
South,KY,0.311
South,KY,0.327
South,KY,0.331
South,KY,0.307
South,KY,0.322
South,KY,0.3
South,KY,0.293
South,KY,0.368
South,KY,0.35
South,KY,0.356
South,KY,0.335
South,KY,0.257
South,KY,0.246
South,KY,0.396
South,KY,0.34
South,KY,0.34
South,KY,0.327
South,KY,0.321
South,KY,0.328
South,KY,0.382
South,KY,0.385
South,KY,0.361
South,KY,0.332
South,KY,0.368
South,KY,0.317
South,KY,0.33
South,KY,0.336
South,KY,0.36
South,KY,0.329
South,KY,0.351
South,KY,0.336
South,KY,0.291
South,KY,0.294
South,KY,0.382
South,KY,0.371
South,KY,0.253
South,KY,0.22
South,KY,0.271
South,KY,0.318
South,KY,0.351
South,KY,0.344
South,KY,0.308
South,KY,0.283
South,KY,0.276
South,KY,0.314
South,KY,0.366
South,KY,0.35
South,KY,0.347
South,KY,0.305
South,KY,0.317
South,KY,0.312
South,KY,0.335
South,KY,0.301
South,KY,0.29
South,KY,0.277
South,KY,0.33
South,KY,0.348
South,KY,0.404
South,KY,0.358
South,KY,0.325
South,KY,0.311
South,KY,0.343
South,KY,0.345
South,KY,0.332
South,KY,0.329
South,KY,0.268
South,KY,0.309
South,LA,0.372
South,LA,0.394
South,LA,0.37
South,LA,0.348
South,LA,0.272
South,LA,0.269
South,LA,0.304
South,LA,0.291
South,LA,0.348
South,LA,0.361
South,LA,0.32
South,LA,0.314
South,LA,0.33
South,LA,0.351
South,LA,0.261
South,LA,0.252
South,LA,0.335
South,LA,0.328
South,LA,0.309
South,LA,0.318
South,LA,0.359
South,LA,0.335
South,LA,0.268
South,LA,0.266
South,LA,0.35
South,LA,0.33
South,LA,0.342
South,LA,0.329
South,LA,0.322
South,LA,0.356
South,LA,0.319
South,LA,0.329
South,LA,0.252
South,LA,0.245
South,LA,0.34
South,LA,0.363
South,LA,0.3
South,LA,0.312
South,LA,0.309
South,LA,0.299
South,LA,0.383
South,LA,0.369
South,LA,0.324
South,LA,0.318
South,LA,0.344
South,LA,0.343
South,LA,0.353
South,LA,0.338
South,LA,0.335
South,LA,0.344
South,LA,0.329
South,LA,0.341
South,LA,0.302
South,LA,0.296
South,LA,0.293
South,LA,0.294
South,LA,0.258
South,LA,0.239
South,LA,0.33
South,LA,0.337
South,LA,0.269
South,LA,0.275
South,LA,0.288
South,LA,0.285
South,LA,0.348
South,LA,0.323
South,LA,0.376
South,LA,0.37
South,LA,0.334
South,LA,0.309
South,LA,0.286
South,LA,0.274
South,LA,0.321
South,LA,0.323
South,LA,0.318
South,LA,0.317
South,LA,0.3
South,LA,0.302
South,LA,0.324
South,LA,0.313
South,LA,0.336
South,LA,0.376
South,LA,0.334
South,LA,0.352
South,LA,0.331
South,LA,0.332
South,LA,0.365
South,LA,0.352
South,LA,0.329
South,LA,0.329
South,LA,0.327
South,LA,0.343
South,LA,0.32
South,LA,0.325
South,LA,0.32
South,LA,0.325
South,LA,0.346
South,LA,0.324
South,LA,0.298
South,LA,0.298
South,LA,0.324
South,LA,0.329
South,LA,0.246
South,LA,0.239
South,LA,0.329
South,LA,0.328
South,LA,0.378
South,LA,0.374
South,LA,0.337
South,LA,0.336
South,LA,0.334
South,LA,0.336
South,LA,0.312
South,LA,0.318
South,LA,0.293
South,LA,0.312
South,LA,0.349
South,LA,0.338
South,LA,0.343
South,LA,0.36
South,LA,0.293
South,LA,0.306
South,LA,0.344
South,LA,0.345
South,LA,0.294
South,LA,0.277
South,LA,0.357
South,LA,0.343
Northeast,MA,0.175
Northeast,MA,0.173
Northeast,MA,0.207
Northeast,MA,0.188
Northeast,MA,0.283
Northeast,MA,0.264
Northeast,MA,0.203
Northeast,MA,0.185
Northeast,MA,0.216
Northeast,MA,0.203
Northeast,MA,0.191
Northeast,MA,0.181
Northeast,MA,0.268
Northeast,MA,0.267
Northeast,MA,0.171
Northeast,MA,0.152
Northeast,MA,0.218
Northeast,MA,0.208
Northeast,MA,0.198
Northeast,MA,0.174
Northeast,MA,0.201
Northeast,MA,0.188
Northeast,MA,0.231
Northeast,MA,0.239
Northeast,MA,0.215
Northeast,MA,0.199
Northeast,MA,0.233
Northeast,MA,0.222
South,MD,0.311
South,MD,0.308
South,MD,0.225
South,MD,0.211
South,MD,0.278
South,MD,0.261
South,MD,0.303
South,MD,0.29
South,MD,0.247
South,MD,0.224
South,MD,0.298
South,MD,0.293
South,MD,0.214
South,MD,0.212
South,MD,0.276
South,MD,0.269
South,MD,0.241
South,MD,0.233
South,MD,0.301
South,MD,0.3
South,MD,0.231
South,MD,0.205
South,MD,0.3
South,MD,0.288
South,MD,0.252
South,MD,0.227
South,MD,0.184
South,MD,0.181
South,MD,0.263
South,MD,0.249
South,MD,0.174
South,MD,0.17
South,MD,0.238
South,MD,0.228
South,MD,0.238
South,MD,0.222
South,MD,0.314
South,MD,0.313
South,MD,0.232
South,MD,0.223
South,MD,0.216
South,MD,0.215
South,MD,0.271
South,MD,0.267
South,MD,0.289
South,MD,0.272
South,MD,0.256
South,MD,0.258
Northeast,ME,0.251
Northeast,ME,0.24
Northeast,ME,0.31
Northeast,ME,0.301
Northeast,ME,0.163
Northeast,ME,0.157
Northeast,ME,0.22
Northeast,ME,0.215
Northeast,ME,0.208
Northeast,ME,0.199
Northeast,ME,0.219
Northeast,ME,0.218
Northeast,ME,0.205
Northeast,ME,0.188
Northeast,ME,0.215
Northeast,ME,0.207
Northeast,ME,0.246
Northeast,ME,0.232
Northeast,ME,0.261
Northeast,ME,0.243
Northeast,ME,0.248
Northeast,ME,0.253
Northeast,ME,0.193
Northeast,ME,0.195
Northeast,ME,0.284
Northeast,ME,0.273
Northeast,ME,0.242
Northeast,ME,0.246
Northeast,ME,0.302
Northeast,ME,0.288
Northeast,ME,0.214
Northeast,ME,0.196
Midwest,MI,0.283
Midwest,MI,0.261
Midwest,MI,0.242
Midwest,MI,0.244
Midwest,MI,0.249
Midwest,MI,0.241
Midwest,MI,0.209
Midwest,MI,0.216
Midwest,MI,0.244
Midwest,MI,0.207
Midwest,MI,0.243
Midwest,MI,0.223
Midwest,MI,0.213
Midwest,MI,0.217
Midwest,MI,0.252
Midwest,MI,0.221
Midwest,MI,0.256
Midwest,MI,0.24
Midwest,MI,0.209
Midwest,MI,0.183
Midwest,MI,0.296
Midwest,MI,0.277
Midwest,MI,0.278
Midwest,MI,0.253
Midwest,MI,0.252
Midwest,MI,0.246
Midwest,MI,0.264
Midwest,MI,0.262
Midwest,MI,0.196
Midwest,MI,0.195
Midwest,MI,0.269
Midwest,MI,0.262
Midwest,MI,0.241
Midwest,MI,0.249
Midwest,MI,0.286
Midwest,MI,0.302
Midwest,MI,0.239
Midwest,MI,0.223
Midwest,MI,0.238
Midwest,MI,0.241
Midwest,MI,0.258
Midwest,MI,0.247
Midwest,MI,0.222
Midwest,MI,0.211
Midwest,MI,0.258
Midwest,MI,0.254
Midwest,MI,0.195
Midwest,MI,0.182
Midwest,MI,0.301
Midwest,MI,0.274
Midwest,MI,0.304
Midwest,MI,0.307
Midwest,MI,0.23
Midwest,MI,0.223
Midwest,MI,0.182
Midwest,MI,0.188
Midwest,MI,0.281
Midwest,MI,0.318
Midwest,MI,0.249
Midwest,MI,0.225
Midwest,MI,0.228
Midwest,MI,0.226
Midwest,MI,0.229
Midwest,MI,0.235
Midwest,MI,0.202
Midwest,MI,0.185
Midwest,MI,0.238
Midwest,MI,0.222
Midwest,MI,0.234
Midwest,MI,0.26
Midwest,MI,0.234
Midwest,MI,0.227
Midwest,MI,0.202
Midwest,MI,0.211
Midwest,MI,0.259
Midwest,MI,0.218
Midwest,MI,0.205
Midwest,MI,0.191
Midwest,MI,0.279
Midwest,MI,0.245
Midwest,MI,0.207
Midwest,MI,0.208
Midwest,MI,0.229
Midwest,MI,0.22
Midwest,MI,0.262
Midwest,MI,0.252
Midwest,MI,0.25
Midwest,MI,0.221
Midwest,MI,0.241
Midwest,MI,0.24
Midwest,MI,0.186
Midwest,MI,0.173
Midwest,MI,0.231
Midwest,MI,0.215
Midwest,MI,0.251
Midwest,MI,0.238
Midwest,MI,0.228
Midwest,MI,0.221
Midwest,MI,0.257
Midwest,MI,0.209
Midwest,MI,0.159
Midwest,MI,0.157
Midwest,MI,0.259
Midwest,MI,0.23
Midwest,MI,0.245
Midwest,MI,0.238
Midwest,MI,0.298
Midwest,MI,0.277
Midwest,MI,0.247
Midwest,MI,0.243
Midwest,MI,0.251
Midwest,MI,0.234
Midwest,MI,0.246
Midwest,MI,0.215
Midwest,MI,0.223
Midwest,MI,0.235
Midwest,MI,0.269
Midwest,MI,0.238
Midwest,MI,0.244
Midwest,MI,0.233
Midwest,MI,0.246
Midwest,MI,0.249
Midwest,MI,0.204
Midwest,MI,0.192
Midwest,MI,0.25
Midwest,MI,0.228
Midwest,MI,0.284
Midwest,MI,0.278
Midwest,MI,0.234
Midwest,MI,0.238
Midwest,MI,0.286
Midwest,MI,0.25
Midwest,MI,0.249
Midwest,MI,0.214
Midwest,MI,0.232
Midwest,MI,0.246
Midwest,MI,0.201
Midwest,MI,0.19
Midwest,MI,0.24
Midwest,MI,0.264
Midwest,MI,0.296
Midwest,MI,0.282
Midwest,MI,0.28
Midwest,MI,0.264
Midwest,MI,0.257
Midwest,MI,0.237
Midwest,MI,0.27
Midwest,MI,0.25
Midwest,MI,0.244
Midwest,MI,0.211
Midwest,MI,0.228
Midwest,MI,0.224
Midwest,MI,0.276
Midwest,MI,0.272
Midwest,MI,0.276
Midwest,MI,0.276
Midwest,MI,0.294
Midwest,MI,0.254
Midwest,MI,0.184
Midwest,MI,0.17
Midwest,MI,0.277
Midwest,MI,0.264
Midwest,MI,0.256
Midwest,MI,0.241
Midwest,MN,0.235
Midwest,MN,0.249
Midwest,MN,0.224
Midwest,MN,0.208
Midwest,MN,0.237
Midwest,MN,0.233
Midwest,MN,0.238
Midwest,MN,0.231
Midwest,MN,0.22
Midwest,MN,0.195
Midwest,MN,0.236
Midwest,MN,0.214
Midwest,MN,0.239
Midwest,MN,0.207
Midwest,MN,0.236
Midwest,MN,0.218
Midwest,MN,0.209
Midwest,MN,0.187
Midwest,MN,0.171
Midwest,MN,0.162
Midwest,MN,0.213
Midwest,MN,0.222
Midwest,MN,0.305
Midwest,MN,0.31
Midwest,MN,0.216
Midwest,MN,0.222
Midwest,MN,0.246
Midwest,MN,0.24
Midwest,MN,0.263
Midwest,MN,0.252
Midwest,MN,0.204
Midwest,MN,0.192
Midwest,MN,0.255
Midwest,MN,0.271
Midwest,MN,0.209
Midwest,MN,0.212
Midwest,MN,0.171
Midwest,MN,0.162
Midwest,MN,0.215
Midwest,MN,0.197
Midwest,MN,0.217
Midwest,MN,0.193
Midwest,MN,0.265
Midwest,MN,0.259
Midwest,MN,0.229
Midwest,MN,0.221
Midwest,MN,0.245
Midwest,MN,0.251
Midwest,MN,0.212
Midwest,MN,0.201
Midwest,MN,0.241
Midwest,MN,0.241
Midwest,MN,0.173
Midwest,MN,0.168
Midwest,MN,0.218
Midwest,MN,0.236
Midwest,MN,0.244
Midwest,MN,0.22
Midwest,MN,0.188
Midwest,MN,0.173
Midwest,MN,0.225
Midwest,MN,0.215
Midwest,MN,0.233
Midwest,MN,0.219
Midwest,MN,0.239
Midwest,MN,0.223
Midwest,MN,0.236
Midwest,MN,0.232
Midwest,MN,0.269
Midwest,MN,0.261
Midwest,MN,0.231
Midwest,MN,0.231
Midwest,MN,0.275
Midwest,MN,0.269
Midwest,MN,0.251
Midwest,MN,0.219
Midwest,MN,0.243
Midwest,MN,0.251
Midwest,MN,0.222
Midwest,MN,0.202
Midwest,MN,0.246
Midwest,MN,0.237
Midwest,MN,0.2
Midwest,MN,0.186
Midwest,MN,0.302
Midwest,MN,0.288
Midwest,MN,0.244
Midwest,MN,0.242
Midwest,MN,0.261
Midwest,MN,0.282
Midwest,MN,0.191
Midwest,MN,0.205
Midwest,MN,0.241
Midwest,MN,0.236
Midwest,MN,0.244
Midwest,MN,0.248
Midwest,MN,0.223
Midwest,MN,0.232
Midwest,MN,0.235
Midwest,MN,0.249
Midwest,MN,0.225
Midwest,MN,0.226
Midwest,MN,0.186
Midwest,MN,0.175
Midwest,MN,0.265
Midwest,MN,0.256
Midwest,MN,0.294
Midwest,MN,0.306
Midwest,MN,0.202
Midwest,MN,0.193
Midwest,MN,0.234
Midwest,MN,0.226
Midwest,MN,0.229
Midwest,MN,0.218
Midwest,MN,0.233
Midwest,MN,0.23
Midwest,MN,0.217
Midwest,MN,0.227
Midwest,MN,0.266
Midwest,MN,0.25
Midwest,MN,0.274
Midwest,MN,0.26
Midwest,MN,0.176
Midwest,MN,0.177
Midwest,MN,0.224
Midwest,MN,0.223
Midwest,MN,0.23
Midwest,MN,0.222
Midwest,MN,0.241
Midwest,MN,0.231
Midwest,MN,0.204
Midwest,MN,0.201
Midwest,MN,0.22
Midwest,MN,0.226
Midwest,MN,0.247
Midwest,MN,0.23
Midwest,MN,0.188
Midwest,MN,0.181
Midwest,MN,0.243
Midwest,MN,0.219
Midwest,MN,0.277
Midwest,MN,0.266
Midwest,MN,0.191
Midwest,MN,0.189
Midwest,MN,0.193
Midwest,MN,0.19
Midwest,MN,0.21
Midwest,MN,0.197
Midwest,MN,0.221
Midwest,MN,0.208
Midwest,MN,0.301
Midwest,MN,0.307
Midwest,MN,0.251
Midwest,MN,0.236
Midwest,MN,0.266
Midwest,MN,0.272
Midwest,MN,0.221
Midwest,MN,0.215
Midwest,MN,0.228
Midwest,MN,0.216
Midwest,MN,0.255
Midwest,MN,0.255
Midwest,MN,0.174
Midwest,MN,0.177
Midwest,MN,0.245
Midwest,MN,0.246
Midwest,MN,0.269
Midwest,MN,0.243
Midwest,MN,0.199
Midwest,MN,0.208
Midwest,MN,0.174
Midwest,MN,0.182
Midwest,MN,0.209
Midwest,MN,0.201
Midwest,MO,0.309
Midwest,MO,0.29
Midwest,MO,0.299
Midwest,MO,0.317
Midwest,MO,0.323
Midwest,MO,0.32
Midwest,MO,0.314
Midwest,MO,0.293
Midwest,MO,0.308
Midwest,MO,0.331
Midwest,MO,0.288
Midwest,MO,0.279
Midwest,MO,0.328
Midwest,MO,0.302
Midwest,MO,0.34
Midwest,MO,0.332
Midwest,MO,0.336
Midwest,MO,0.329
Midwest,MO,0.228
Midwest,MO,0.21
Midwest,MO,0.295
Midwest,MO,0.28
Midwest,MO,0.321
Midwest,MO,0.3
Midwest,MO,0.303
Midwest,MO,0.276
Midwest,MO,0.303
Midwest,MO,0.3
Midwest,MO,0.304
Midwest,MO,0.291
Midwest,MO,0.277
Midwest,MO,0.273
Midwest,MO,0.285
Midwest,MO,0.279
Midwest,MO,0.295
Midwest,MO,0.29
Midwest,MO,0.298
Midwest,MO,0.271
Midwest,MO,0.267
Midwest,MO,0.278
Midwest,MO,0.331
Midwest,MO,0.322
Midwest,MO,0.258
Midwest,MO,0.259
Midwest,MO,0.317
Midwest,MO,0.325
Midwest,MO,0.259
Midwest,MO,0.245
Midwest,MO,0.279
Midwest,MO,0.265
Midwest,MO,0.268
Midwest,MO,0.226
Midwest,MO,0.257
Midwest,MO,0.246
Midwest,MO,0.281
Midwest,MO,0.259
Midwest,MO,0.313
Midwest,MO,0.311
Midwest,MO,0.303
Midwest,MO,0.294
Midwest,MO,0.287
Midwest,MO,0.311
Midwest,MO,0.289
Midwest,MO,0.292
Midwest,MO,0.332
Midwest,MO,0.335
Midwest,MO,0.328
Midwest,MO,0.32
Midwest,MO,0.413
Midwest,MO,0.382
Midwest,MO,0.279
Midwest,MO,0.288
Midwest,MO,0.36
Midwest,MO,0.339
Midwest,MO,0.3
Midwest,MO,0.268
Midwest,MO,0.239
Midwest,MO,0.211
Midwest,MO,0.285
Midwest,MO,0.279
Midwest,MO,0.368
Midwest,MO,0.325
Midwest,MO,0.298
Midwest,MO,0.263
Midwest,MO,0.307
Midwest,MO,0.313
Midwest,MO,0.264
Midwest,MO,0.279
Midwest,MO,0.303
Midwest,MO,0.28
Midwest,MO,0.28
Midwest,MO,0.296
Midwest,MO,0.278
Midwest,MO,0.286
Midwest,MO,0.253
Midwest,MO,0.249
Midwest,MO,0.261
Midwest,MO,0.252
Midwest,MO,0.296
Midwest,MO,0.281
Midwest,MO,0.314
Midwest,MO,0.267
Midwest,MO,0.305
Midwest,MO,0.283
Midwest,MO,0.332
Midwest,MO,0.334
Midwest,MO,0.262
Midwest,MO,0.288
Midwest,MO,0.269
Midwest,MO,0.246
Midwest,MO,0.279
Midwest,MO,0.317
Midwest,MO,0.29
Midwest,MO,0.266
Midwest,MO,0.345
Midwest,MO,0.31
Midwest,MO,0.318
Midwest,MO,0.298
Midwest,MO,0.283
Midwest,MO,0.286
Midwest,MO,0.327
Midwest,MO,0.318
Midwest,MO,0.287
Midwest,MO,0.291
Midwest,MO,0.321
Midwest,MO,0.292
Midwest,MO,0.325
Midwest,MO,0.343
Midwest,MO,0.378
Midwest,MO,0.317
Midwest,MO,0.32
Midwest,MO,0.312
Midwest,MO,0.383
Midwest,MO,0.369
Midwest,MO,0.301
Midwest,MO,0.281
Midwest,MO,0.292
Midwest,MO,0.29
Midwest,MO,0.288
Midwest,MO,0.282
Midwest,MO,0.346
Midwest,MO,0.317
Midwest,MO,0.334
Midwest,MO,0.377
Midwest,MO,0.302
Midwest,MO,0.281
Midwest,MO,0.302
Midwest,MO,0.281
Midwest,MO,0.353
Midwest,MO,0.314
Midwest,MO,0.257
Midwest,MO,0.265
Midwest,MO,0.322
Midwest,MO,0.317
Midwest,MO,0.353
Midwest,MO,0.335
Midwest,MO,0.265
Midwest,MO,0.267
Midwest,MO,0.313
Midwest,MO,0.315
Midwest,MO,0.26
Midwest,MO,0.279
Midwest,MO,0.319
Midwest,MO,0.29
Midwest,MO,0.271
Midwest,MO,0.259
Midwest,MO,0.279
Midwest,MO,0.265
Midwest,MO,0.275
Midwest,MO,0.27
Midwest,MO,0.33
Midwest,MO,0.352
Midwest,MO,0.264
Midwest,MO,0.277
Midwest,MO,0.317
Midwest,MO,0.278
Midwest,MO,0.345
Midwest,MO,0.35
Midwest,MO,0.344
Midwest,MO,0.355
Midwest,MO,0.358
Midwest,MO,0.314
Midwest,MO,0.29
Midwest,MO,0.283
Midwest,MO,0.298
Midwest,MO,0.297
Midwest,MO,0.296
Midwest,MO,0.323
Midwest,MO,0.35
Midwest,MO,0.341
Midwest,MO,0.288
Midwest,MO,0.288
Midwest,MO,0.285
Midwest,MO,0.276
Midwest,MO,0.245
Midwest,MO,0.222
Midwest,MO,0.343
Midwest,MO,0.348
Midwest,MO,0.29
Midwest,MO,0.309
Midwest,MO,0.243
Midwest,MO,0.235
Midwest,MO,0.267
Midwest,MO,0.259
Midwest,MO,0.305
Midwest,MO,0.314
Midwest,MO,0.343
Midwest,MO,0.332
Midwest,MO,0.301
Midwest,MO,0.294
Midwest,MO,0.296
Midwest,MO,0.296
Midwest,MO,0.298
Midwest,MO,0.301
Midwest,MO,0.364
Midwest,MO,0.35
Midwest,MO,0.289
Midwest,MO,0.291
Midwest,MO,0.328
Midwest,MO,0.327
Midwest,MO,0.294
Midwest,MO,0.273
Midwest,MO,0.304
Midwest,MO,0.325
Midwest,MO,0.263
Midwest,MO,0.276
Midwest,MO,0.297
Midwest,MO,0.32
Midwest,MO,0.311
South,MS,0.36
South,MS,0.329
South,MS,0.388
South,MS,0.382
South,MS,0.35
South,MS,0.36
South,MS,0.335
South,MS,0.352
South,MS,0.321
South,MS,0.319
South,MS,0.324
South,MS,0.329
South,MS,0.359
South,MS,0.326
South,MS,0.325
South,MS,0.341
South,MS,0.339
South,MS,0.336
South,MS,0.329
South,MS,0.349
South,MS,0.397
South,MS,0.373
South,MS,0.375
South,MS,0.362
South,MS,0.377
South,MS,0.378
South,MS,0.371
South,MS,0.394
South,MS,0.379
South,MS,0.355
South,MS,0.336
South,MS,0.336
South,MS,0.304
South,MS,0.298
South,MS,0.336
South,MS,0.33
South,MS,0.385
South,MS,0.34
South,MS,0.349
South,MS,0.317
South,MS,0.293
South,MS,0.319
South,MS,0.34
South,MS,0.316
South,MS,0.299
South,MS,0.309
South,MS,0.312
South,MS,0.289
South,MS,0.346
South,MS,0.336
South,MS,0.341
South,MS,0.329
South,MS,0.356
South,MS,0.382
South,MS,0.348
South,MS,0.4
South,MS,0.367
South,MS,0.295
South,MS,0.282
South,MS,0.335
South,MS,0.318
South,MS,0.386
South,MS,0.365
South,MS,0.334
South,MS,0.337
South,MS,0.359
South,MS,0.358
South,MS,0.33
South,MS,0.318
South,MS,0.287
South,MS,0.287
South,MS,0.305
South,MS,0.278
South,MS,0.312
South,MS,0.322
South,MS,0.343
South,MS,0.317
South,MS,0.387
South,MS,0.362
South,MS,0.315
South,MS,0.332
South,MS,0.363
South,MS,0.373
South,MS,0.345
South,MS,0.342
South,MS,0.327
South,MS,0.312
South,MS,0.275
South,MS,0.274
South,MS,0.303
South,MS,0.32
South,MS,0.386
South,MS,0.4
South,MS,0.366
South,MS,0.369
South,MS,0.365
South,MS,0.35
South,MS,0.356
South,MS,0.335
South,MS,0.351
South,MS,0.346
South,MS,0.352
South,MS,0.39
South,MS,0.275
South,MS,0.255
South,MS,0.387
South,MS,0.378
South,MS,0.299
South,MS,0.284
South,MS,0.333
South,MS,0.344
South,MS,0.341
South,MS,0.333
South,MS,0.346
South,MS,0.341
South,MS,0.337
South,MS,0.342
South,MS,0.349
South,MS,0.347
South,MS,0.296
South,MS,0.276
South,MS,0.348
South,MS,0.327
South,MS,0.362
South,MS,0.362
South,MS,0.349
South,MS,0.359
South,MS,0.37
South,MS,0.355
South,MS,0.311
South,MS,0.332
South,MS,0.369
South,MS,0.368
South,MS,0.331
South,MS,0.333
South,MS,0.332
South,MS,0.347
South,MS,0.384
South,MS,0.368
South,MS,0.322
South,MS,0.321
South,MS,0.392
South,MS,0.409
South,MS,0.332
South,MS,0.333
South,MS,0.342
South,MS,0.343
South,MS,0.344
South,MS,0.351
South,MS,0.389
South,MS,0.372
South,MS,0.351
South,MS,0.348
South,MS,0.325
South,MS,0.317
South,MS,0.381
South,MS,0.373
South,MS,0.375
South,MS,0.36
South,MS,0.354
South,MS,0.366
South,MS,0.358
South,MS,0.353
West,MT,0.239
West,MT,0.226
West,MT,0.279
West,MT,0.285
West,MT,0.339
West,MT,0.311
West,MT,0.25
West,MT,0.242
West,MT,0.244
West,MT,0.235
West,MT,0.267
West,MT,0.269
West,MT,0.292
West,MT,0.293
West,MT,0.26
West,MT,0.269
West,MT,0.28
West,MT,0.274
West,MT,0.283
West,MT,0.249
West,MT,0.263
West,MT,0.306
West,MT,0.267
West,MT,0.257
West,MT,0.228
West,MT,0.202
West,MT,0.188
West,MT,0.153
West,MT,0.143
West,MT,0.303
West,MT,0.305
West,MT,0.26
West,MT,0.254
West,MT,0.297
West,MT,0.284
West,MT,0.212
West,MT,0.205
West,MT,0.286
West,MT,0.247
West,MT,0.238
West,MT,0.232
West,MT,0.198
West,MT,0.187
West,MT,0.229
West,MT,0.227
West,MT,0.288
West,MT,0.256
West,MT,0.283
West,MT,0.272
West,MT,0.284
West,MT,0.242
West,MT,0.169
West,MT,0.17
West,MT,0.308
West,MT,0.307
West,MT,0.191
West,MT,0.195
West,MT,0.323
West,MT,0.297
West,MT,0.298
West,MT,0.288
West,MT,0.271
West,MT,0.244
West,MT,0.296
West,MT,0.192
West,MT,0.183
West,MT,0.295
West,MT,0.262
West,MT,0.342
West,MT,0.316
West,MT,0.288
West,MT,0.261
West,MT,0.264
West,MT,0.248
West,MT,0.315
West,MT,0.308
West,MT,0.242
West,MT,0.224
West,MT,0.244
West,MT,0.252
West,MT,0.288
West,MT,0.251
West,MT,0.272
West,MT,0.254
West,MT,0.272
West,MT,0.287
West,MT,0.29
West,MT,0.298
West,MT,0.306
West,MT,0.295
West,MT,0.246
West,MT,0.236
South,NC,0.273
South,NC,0.257
South,NC,0.233
South,NC,0.234
South,NC,0.314
South,NC,0.315
South,NC,0.29
South,NC,0.285
South,NC,0.277
South,NC,0.275
South,NC,0.246
South,NC,0.257
South,NC,0.31
South,NC,0.291
South,NC,0.317
South,NC,0.311
South,NC,0.332
South,NC,0.331
South,NC,0.256
South,NC,0.22
South,NC,0.209
South,NC,0.218
South,NC,0.299
South,NC,0.292
South,NC,0.236
South,NC,0.238
South,NC,0.286
South,NC,0.262
South,NC,0.241
South,NC,0.248
South,NC,0.304
South,NC,0.297
South,NC,0.279
South,NC,0.295
South,NC,0.284
South,NC,0.295
South,NC,0.212
South,NC,0.226
South,NC,0.301
South,NC,0.312
South,NC,0.292
South,NC,0.29
South,NC,0.292
South,NC,0.293
South,NC,0.313
South,NC,0.301
South,NC,0.283
South,NC,0.28
South,NC,0.294
South,NC,0.276
South,NC,0.303
South,NC,0.283
South,NC,0.259
South,NC,0.255
South,NC,0.266
South,NC,0.249
South,NC,0.323
South,NC,0.325
South,NC,0.261
South,NC,0.256
South,NC,0.337
South,NC,0.306
South,NC,0.203
South,NC,0.201
South,NC,0.29
South,NC,0.303
South,NC,0.217
South,NC,0.217
South,NC,0.286
South,NC,0.281
South,NC,0.286
South,NC,0.291
South,NC,0.307
South,NC,0.296
South,NC,0.277
South,NC,0.25
South,NC,0.297
South,NC,0.259
South,NC,0.279
South,NC,0.275
South,NC,0.235
South,NC,0.22
South,NC,0.339
South,NC,0.346
South,NC,0.286
South,NC,0.268
South,NC,0.216
South,NC,0.235
South,NC,0.235
South,NC,0.231
South,NC,0.336
South,NC,0.334
South,NC,0.301
South,NC,0.3
South,NC,0.286
South,NC,0.27
South,NC,0.239
South,NC,0.239
South,NC,0.25
South,NC,0.268
South,NC,0.278
South,NC,0.267
South,NC,0.331
South,NC,0.301
South,NC,0.263
South,NC,0.239
South,NC,0.356
South,NC,0.341
South,NC,0.255
South,NC,0.278
South,NC,0.255
South,NC,0.233
South,NC,0.26
South,NC,0.272
South,NC,0.302
South,NC,0.325
South,NC,0.315
South,NC,0.304
South,NC,0.206
South,NC,0.203
South,NC,0.285
South,NC,0.309
South,NC,0.276
South,NC,0.274
South,NC,0.279
South,NC,0.266
South,NC,0.304
South,NC,0.321
South,NC,0.21
South,NC,0.199
South,NC,0.341
South,NC,0.344
South,NC,0.236
South,NC,0.239
South,NC,0.16
South,NC,0.158
South,NC,0.287
South,NC,0.273
South,NC,0.293
South,NC,0.282
South,NC,0.266
South,NC,0.248
South,NC,0.281
South,NC,0.265
South,NC,0.295
South,NC,0.29
South,NC,0.243
South,NC,0.245
South,NC,0.258
South,NC,0.264
South,NC,0.288
South,NC,0.293
South,NC,0.327
South,NC,0.33
South,NC,0.372
South,NC,0.348
South,NC,0.299
South,NC,0.333
South,NC,0.302
South,NC,0.302
South,NC,0.288
South,NC,0.266
South,NC,0.275
South,NC,0.294
South,NC,0.289
South,NC,0.28
South,NC,0.307
South,NC,0.328
South,NC,0.259
South,NC,0.284
South,NC,0.265
South,NC,0.306
South,NC,0.302
South,NC,0.289
South,NC,0.226
South,NC,0.212
South,NC,0.299
South,NC,0.273
South,NC,0.212
South,NC,0.194
South,NC,0.316
South,NC,0.319
South,NC,0.186
South,NC,0.181
South,NC,0.312
South,NC,0.3
South,NC,0.304
South,NC,0.294
South,NC,0.219
South,NC,0.217
South,NC,0.31
South,NC,0.278
South,NC,0.319
South,NC,0.327
South,NC,0.305
South,NC,0.302
South,NC,0.281
South,NC,0.282
South,NC,0.306
South,NC,0.26
Midwest,ND,0.28
Midwest,ND,0.263
Midwest,ND,0.272
Midwest,ND,0.263
Midwest,ND,0.338
Midwest,ND,0.333
Midwest,ND,0.271
Midwest,ND,0.272
Midwest,ND,0.308
Midwest,ND,0.266
Midwest,ND,0.311
Midwest,ND,0.316
Midwest,ND,0.212
Midwest,ND,0.199
Midwest,ND,0.213
Midwest,ND,0.209
Midwest,ND,0.278
Midwest,ND,0.265
Midwest,ND,0.283
Midwest,ND,0.265
Midwest,ND,0.349
Midwest,ND,0.347
Midwest,ND,0.34
Midwest,ND,0.351
Midwest,ND,0.319
Midwest,ND,0.291
Midwest,ND,0.33
Midwest,ND,0.348
Midwest,ND,0.314
Midwest,ND,0.335
Midwest,ND,0.329
Midwest,ND,0.233
Midwest,ND,0.213
Midwest,ND,0.335
Midwest,ND,0.323
Midwest,ND,0.286
Midwest,ND,0.3
Midwest,ND,0.256
Midwest,ND,0.296
Midwest,ND,0.294
Midwest,ND,0.283
Midwest,ND,0.292
Midwest,ND,0.312
Midwest,ND,0.351
Midwest,ND,0.311
Midwest,ND,0.378
Midwest,ND,0.333
Midwest,ND,0.313
Midwest,ND,0.286
Midwest,ND,0.318
Midwest,ND,0.283
Midwest,ND,0.266
Midwest,ND,0.263
Midwest,ND,0.27
Midwest,ND,0.256
Midwest,ND,0.351
Midwest,ND,0.316
Midwest,ND,0.308
Midwest,ND,0.3
Midwest,ND,0.344
Midwest,ND,0.301
Midwest,ND,0.325
Midwest,ND,0.308
Midwest,ND,0.261
Midwest,ND,0.244
Midwest,ND,0.301
Midwest,ND,0.311
Midwest,ND,0.287
Midwest,ND,0.295
Midwest,ND,0.256
Midwest,ND,0.361
Midwest,ND,0.334
Midwest,ND,0.345
Midwest,ND,0.32
Midwest,ND,0.301
Midwest,ND,0.28
Midwest,ND,0.268
Midwest,ND,0.242
Midwest,ND,0.291
Midwest,ND,0.262
Midwest,ND,0.285
Midwest,ND,0.274
Midwest,ND,0.318
Midwest,ND,0.268
Midwest,ND,0.304
Midwest,ND,0.301
Midwest,ND,0.288
Midwest,ND,0.268
Midwest,ND,0.314
Midwest,ND,0.309
Midwest,ND,0.324
Midwest,ND,0.291
Midwest,NE,0.246
Midwest,NE,0.243
Midwest,NE,0.294
Midwest,NE,0.27
Midwest,NE,0.303
Midwest,NE,0.289
Midwest,NE,0.264
Midwest,NE,0.266
Midwest,NE,0.295
Midwest,NE,0.295
Midwest,NE,0.305
Midwest,NE,0.304
Midwest,NE,0.234
Midwest,NE,0.235
Midwest,NE,0.382
Midwest,NE,0.357
Midwest,NE,0.267
Midwest,NE,0.246
Midwest,NE,0.283
Midwest,NE,0.261
Midwest,NE,0.306
Midwest,NE,0.282
Midwest,NE,0.266
Midwest,NE,0.251
Midwest,NE,0.296
Midwest,NE,0.299
Midwest,NE,0.278
Midwest,NE,0.239
Midwest,NE,0.334
Midwest,NE,0.307
Midwest,NE,0.295
Midwest,NE,0.281
Midwest,NE,0.299
Midwest,NE,0.272
Midwest,NE,0.307
Midwest,NE,0.295
Midwest,NE,0.31
Midwest,NE,0.294
Midwest,NE,0.28
Midwest,NE,0.282
Midwest,NE,0.275
Midwest,NE,0.266
Midwest,NE,0.292
Midwest,NE,0.246
Midwest,NE,0.342
Midwest,NE,0.306
Midwest,NE,0.291
Midwest,NE,0.271
Midwest,NE,0.244
Midwest,NE,0.224
Midwest,NE,0.335
Midwest,NE,0.316
Midwest,NE,0.317
Midwest,NE,0.285
Midwest,NE,0.369
Midwest,NE,0.332
Midwest,NE,0.326
Midwest,NE,0.27
Midwest,NE,0.275
Midwest,NE,0.297
Midwest,NE,0.296
Midwest,NE,0.338
Midwest,NE,0.318
Midwest,NE,0.275
Midwest,NE,0.28
Midwest,NE,0.266
Midwest,NE,0.26
Midwest,NE,0.332
Midwest,NE,0.315
Midwest,NE,0.271
Midwest,NE,0.262
Midwest,NE,0.287
Midwest,NE,0.256
Midwest,NE,0.302
Midwest,NE,0.269
Midwest,NE,0.286
Midwest,NE,0.294
Midwest,NE,0.337
Midwest,NE,0.311
Midwest,NE,0.318
Midwest,NE,0.329
Midwest,NE,0.332
Midwest,NE,0.325
Midwest,NE,0.329
Midwest,NE,0.314
Midwest,NE,0.259
Midwest,NE,0.242
Midwest,NE,0.262
Midwest,NE,0.269
Midwest,NE,0.264
Midwest,NE,0.272
Midwest,NE,0.336
Midwest,NE,0.327
Midwest,NE,0.201
Midwest,NE,0.187
Midwest,NE,0.271
Midwest,NE,0.252
Midwest,NE,0.241
Midwest,NE,0.248
Midwest,NE,0.286
Midwest,NE,0.273
Midwest,NE,0.282
Midwest,NE,0.276
Midwest,NE,0.288
Midwest,NE,0.238
Midwest,NE,0.308
Midwest,NE,0.279
Midwest,NE,0.315
Midwest,NE,0.322
Midwest,NE,0.298
Midwest,NE,0.298
Midwest,NE,0.322
Midwest,NE,0.307
Midwest,NE,0.263
Midwest,NE,0.235
Midwest,NE,0.278
Midwest,NE,0.285
Midwest,NE,0.338
Midwest,NE,0.315
Midwest,NE,0.239
Midwest,NE,0.243
Midwest,NE,0.319
Midwest,NE,0.287
Midwest,NE,0.257
Midwest,NE,0.234
Midwest,NE,0.346
Midwest,NE,0.342
Midwest,NE,0.298
Midwest,NE,0.297
Midwest,NE,0.212
Midwest,NE,0.202
Midwest,NE,0.27
Midwest,NE,0.263
Midwest,NE,0.265
Midwest,NE,0.256
Midwest,NE,0.251
Midwest,NE,0.251
Midwest,NE,0.355
Midwest,NE,0.322
Midwest,NE,0.33
Midwest,NE,0.327
Midwest,NE,0.308
Midwest,NE,0.284
Midwest,NE,0.31
Midwest,NE,0.304
Midwest,NE,0.336
Midwest,NE,0.314
Midwest,NE,0.311
Midwest,NE,0.262
Midwest,NE,0.23
Midwest,NE,0.221
Midwest,NE,0.274
Midwest,NE,0.263
Midwest,NE,0.339
Midwest,NE,0.349
Midwest,NE,0.265
Midwest,NE,0.252
Northeast,NH,0.21
Northeast,NH,0.217
Northeast,NH,0.205
Northeast,NH,0.201
Northeast,NH,0.201
Northeast,NH,0.198
Northeast,NH,0.283
Northeast,NH,0.274
Northeast,NH,0.192
Northeast,NH,0.179
Northeast,NH,0.226
Northeast,NH,0.212
Northeast,NH,0.21
Northeast,NH,0.196
Northeast,NH,0.205
Northeast,NH,0.192
Northeast,NH,0.226
Northeast,NH,0.227
Northeast,NH,0.266
Northeast,NH,0.238
Northeast,NJ,0.249
Northeast,NJ,0.255
Northeast,NJ,0.235
Northeast,NJ,0.225
Northeast,NJ,0.239
Northeast,NJ,0.242
Northeast,NJ,0.278
Northeast,NJ,0.269
Northeast,NJ,0.243
Northeast,NJ,0.234
Northeast,NJ,0.3
Northeast,NJ,0.291
Northeast,NJ,0.277
Northeast,NJ,0.271
Northeast,NJ,0.248
Northeast,NJ,0.256
Northeast,NJ,0.266
Northeast,NJ,0.256
Northeast,NJ,0.189
Northeast,NJ,0.181
Northeast,NJ,0.241
Northeast,NJ,0.228
Northeast,NJ,0.266
Northeast,NJ,0.247
Northeast,NJ,0.22
Northeast,NJ,0.204
Northeast,NJ,0.205
Northeast,NJ,0.197
Northeast,NJ,0.258
Northeast,NJ,0.269
Northeast,NJ,0.273
Northeast,NJ,0.248
Northeast,NJ,0.297
Northeast,NJ,0.275
Northeast,NJ,0.222
Northeast,NJ,0.211
Northeast,NJ,0.235
Northeast,NJ,0.242
Northeast,NJ,0.26
Northeast,NJ,0.258
Northeast,NJ,0.261
Northeast,NJ,0.244
West,NM,0.17
West,NM,0.165
West,NM,0.248
West,NM,0.266
West,NM,0.267
West,NM,0.263
West,NM,0.264
West,NM,0.253
West,NM,0.243
West,NM,0.221
West,NM,0.272
West,NM,0.259
West,NM,0.298
West,NM,0.295
West,NM,0.19
West,NM,0.193
West,NM,0.277
West,NM,0.255
West,NM,0.222
West,NM,0.211
West,NM,0.253
West,NM,0.228
West,NM,0.261
West,NM,0.243
West,NM,0.331
West,NM,0.339
West,NM,0.219
West,NM,0.241
West,NM,0.154
West,NM,0.149
West,NM,0.237
West,NM,0.232
West,NM,0.252
West,NM,0.23
West,NM,0.248
West,NM,0.227
West,NM,0.225
West,NM,0.227
West,NM,0.297
West,NM,0.277
West,NM,0.231
West,NM,0.216
West,NM,0.283
West,NM,0.265
West,NM,0.238
West,NM,0.232
West,NM,0.198
West,NM,0.192
West,NM,0.198
West,NM,0.187
West,NM,0.123
West,NM,0.119
West,NM,0.259
West,NM,0.251
West,NM,0.221
West,NM,0.209
West,NM,0.146
West,NM,0.141
West,NM,0.253
West,NM,0.257
West,NM,0.279
West,NM,0.272
West,NM,0.241
West,NM,0.231
West,NV,0.187
West,NV,0.179
West,NV,0.262
West,NV,0.246
West,NV,0.237
West,NV,0.217
West,NV,0.167
West,NV,0.159
West,NV,0.211
West,NV,0.201
West,NV,0.249
West,NV,0.233
West,NV,0.215
West,NV,0.202
West,NV,0.236
West,NV,0.208
West,NV,0.227
West,NV,0.223
West,NV,0.259
West,NV,0.248
West,NV,0.305
West,NV,0.284
West,NV,0.292
West,NV,0.283
West,NV,0.224
West,NV,0.208
West,NV,0.246
West,NV,0.239
West,NV,0.161
West,NV,0.157
West,NV,0.261
West,NV,0.239
Northeast,NY,0.226
Northeast,NY,0.223
Northeast,NY,0.258
Northeast,NY,0.236
Northeast,NY,0.289
Northeast,NY,0.285
Northeast,NY,0.241
Northeast,NY,0.211
Northeast,NY,0.283
Northeast,NY,0.289
Northeast,NY,0.232
Northeast,NY,0.222
Northeast,NY,0.257
Northeast,NY,0.265
Northeast,NY,0.257
Northeast,NY,0.248
Northeast,NY,0.232
Northeast,NY,0.267
Northeast,NY,0.248
Northeast,NY,0.259
Northeast,NY,0.239
Northeast,NY,0.222
Northeast,NY,0.261
Northeast,NY,0.224
Northeast,NY,0.312
Northeast,NY,0.279
Northeast,NY,0.215
Northeast,NY,0.207
Northeast,NY,0.247
Northeast,NY,0.228
Northeast,NY,0.217
Northeast,NY,0.241
Northeast,NY,0.262
Northeast,NY,0.264
Northeast,NY,0.231
Northeast,NY,0.234
Northeast,NY,0.258
Northeast,NY,0.239
Northeast,NY,0.273
Northeast,NY,0.271
Northeast,NY,0.248
Northeast,NY,0.242
Northeast,NY,0.26
Northeast,NY,0.242
Northeast,NY,0.268
Northeast,NY,0.263
Northeast,NY,0.262
Northeast,NY,0.253
Northeast,NY,0.248
Northeast,NY,0.245
Northeast,NY,0.241
Northeast,NY,0.224
Northeast,NY,0.236
Northeast,NY,0.23
Northeast,NY,0.201
Northeast,NY,0.212
Northeast,NY,0.254
Northeast,NY,0.234
Northeast,NY,0.244
Northeast,NY,0.23
Northeast,NY,0.171
Northeast,NY,0.16
Northeast,NY,0.274
Northeast,NY,0.237
Northeast,NY,0.26
Northeast,NY,0.276
Northeast,NY,0.235
Northeast,NY,0.244
Northeast,NY,0.204
Northeast,NY,0.182
Northeast,NY,0.25
Northeast,NY,0.245
Northeast,NY,0.286
Northeast,NY,0.268
Northeast,NY,0.256
Northeast,NY,0.269
Northeast,NY,0.248
Northeast,NY,0.229
Northeast,NY,0.219
Northeast,NY,0.223
Northeast,NY,0.279
Northeast,NY,0.271
Northeast,NY,0.227
Northeast,NY,0.224
Northeast,NY,0.277
Northeast,NY,0.275
Northeast,NY,0.244
Northeast,NY,0.236
Northeast,NY,0.203
Northeast,NY,0.228
Northeast,NY,0.255
Northeast,NY,0.242
Northeast,NY,0.246
Northeast,NY,0.245
Northeast,NY,0.289
Northeast,NY,0.274
Northeast,NY,0.287
Northeast,NY,0.259
Northeast,NY,0.28
Northeast,NY,0.259
Northeast,NY,0.223
Northeast,NY,0.209
Northeast,NY,0.225
Northeast,NY,0.217
Northeast,NY,0.255
Northeast,NY,0.24
Northeast,NY,0.251
Northeast,NY,0.259
Northeast,NY,0.209
Northeast,NY,0.244
Northeast,NY,0.207
Northeast,NY,0.187
Northeast,NY,0.198
Northeast,NY,0.195
Northeast,NY,0.28
Northeast,NY,0.246
Northeast,NY,0.223
Northeast,NY,0.232
Northeast,NY,0.195
Northeast,NY,0.192
Northeast,NY,0.247
Northeast,NY,0.254
Northeast,NY,0.255
Northeast,NY,0.239
Midwest,OH,0.322
Midwest,OH,0.323
Midwest,OH,0.283
Midwest,OH,0.302
Midwest,OH,0.27
Midwest,OH,0.258
Midwest,OH,0.31
Midwest,OH,0.317
Midwest,OH,0.275
Midwest,OH,0.242
Midwest,OH,0.285
Midwest,OH,0.273
Midwest,OH,0.342
Midwest,OH,0.343
Midwest,OH,0.351
Midwest,OH,0.348
Midwest,OH,0.255
Midwest,OH,0.262
Midwest,OH,0.258
Midwest,OH,0.285
Midwest,OH,0.278
Midwest,OH,0.284
Midwest,OH,0.311
Midwest,OH,0.284
Midwest,OH,0.258
Midwest,OH,0.269
Midwest,OH,0.324
Midwest,OH,0.315
Midwest,OH,0.322
Midwest,OH,0.315
Midwest,OH,0.308
Midwest,OH,0.298
Midwest,OH,0.349
Midwest,OH,0.343
Midwest,OH,0.254
Midwest,OH,0.255
Midwest,OH,0.341
Midwest,OH,0.346
Midwest,OH,0.274
Midwest,OH,0.293
Midwest,OH,0.211
Midwest,OH,0.216
Midwest,OH,0.279
Midwest,OH,0.242
Midwest,OH,0.265
Midwest,OH,0.263
Midwest,OH,0.311
Midwest,OH,0.321
Midwest,OH,0.256
Midwest,OH,0.239
Midwest,OH,0.252
Midwest,OH,0.245
Midwest,OH,0.375
Midwest,OH,0.333
Midwest,OH,0.253
Midwest,OH,0.246
Midwest,OH,0.258
Midwest,OH,0.258
Midwest,OH,0.295
Midwest,OH,0.339
Midwest,OH,0.251
Midwest,OH,0.235
Midwest,OH,0.255
Midwest,OH,0.231
Midwest,OH,0.284
Midwest,OH,0.315
Midwest,OH,0.324
Midwest,OH,0.286
Midwest,OH,0.301
Midwest,OH,0.235
Midwest,OH,0.334
Midwest,OH,0.308
Midwest,OH,0.291
Midwest,OH,0.292
Midwest,OH,0.254
Midwest,OH,0.246
Midwest,OH,0.323
Midwest,OH,0.337
Midwest,OH,0.381
Midwest,OH,0.365
Midwest,OH,0.325
Midwest,OH,0.316
Midwest,OH,0.267
Midwest,OH,0.234
Midwest,OH,0.256
Midwest,OH,0.227
Midwest,OH,0.339
Midwest,OH,0.365
Midwest,OH,0.275
Midwest,OH,0.27
Midwest,OH,0.346
Midwest,OH,0.31
Midwest,OH,0.277
Midwest,OH,0.233
Midwest,OH,0.271
Midwest,OH,0.264
Midwest,OH,0.33
Midwest,OH,0.306
Midwest,OH,0.279
Midwest,OH,0.28
Midwest,OH,0.308
Midwest,OH,0.338
Midwest,OH,0.23
Midwest,OH,0.244
Midwest,OH,0.305
Midwest,OH,0.292
Midwest,OH,0.257
Midwest,OH,0.285
Midwest,OH,0.269
Midwest,OH,0.262
Midwest,OH,0.295
Midwest,OH,0.302
Midwest,OH,0.252
Midwest,OH,0.248
Midwest,OH,0.319
Midwest,OH,0.294
Midwest,OH,0.287
Midwest,OH,0.291
Midwest,OH,0.339
Midwest,OH,0.327
Midwest,OH,0.333
Midwest,OH,0.309
Midwest,OH,0.264
Midwest,OH,0.283
Midwest,OH,0.279
Midwest,OH,0.287
Midwest,OH,0.329
Midwest,OH,0.298
Midwest,OH,0.316
Midwest,OH,0.317
Midwest,OH,0.337
Midwest,OH,0.301
Midwest,OH,0.252
Midwest,OH,0.25
Midwest,OH,0.303
Midwest,OH,0.289
Midwest,OH,0.273
Midwest,OH,0.259
Midwest,OH,0.284
Midwest,OH,0.289
Midwest,OH,0.292
Midwest,OH,0.29
Midwest,OH,0.299
Midwest,OH,0.297
Midwest,OH,0.304
Midwest,OH,0.288
Midwest,OH,0.294
Midwest,OH,0.275
Midwest,OH,0.262
Midwest,OH,0.278
Midwest,OH,0.271
Midwest,OH,0.266
Midwest,OH,0.248
Midwest,OH,0.232
Midwest,OH,0.302
Midwest,OH,0.314
Midwest,OH,0.301
Midwest,OH,0.316
Midwest,OH,0.258
Midwest,OH,0.251
Midwest,OH,0.262
Midwest,OH,0.303
Midwest,OH,0.299
Midwest,OH,0.327
Midwest,OH,0.212
Midwest,OH,0.204
Midwest,OH,0.285
Midwest,OH,0.303
Midwest,OH,0.248
Midwest,OH,0.235
Midwest,OH,0.234
Midwest,OH,0.246
Midwest,OH,0.264
Midwest,OH,0.225
Midwest,OH,0.295
Midwest,OH,0.296
South,OK,0.329
South,OK,0.34
South,OK,0.365
South,OK,0.384
South,OK,0.277
South,OK,0.308
South,OK,0.336
South,OK,0.315
South,OK,0.354
South,OK,0.337
South,OK,0.329
South,OK,0.349
South,OK,0.296
South,OK,0.282
South,OK,0.362
South,OK,0.373
South,OK,0.306
South,OK,0.302
South,OK,0.367
South,OK,0.334
South,OK,0.272
South,OK,0.268
South,OK,0.373
South,OK,0.337
South,OK,0.358
South,OK,0.351
South,OK,0.245
South,OK,0.228
South,OK,0.338
South,OK,0.331
South,OK,0.311
South,OK,0.291
South,OK,0.386
South,OK,0.389
South,OK,0.318
South,OK,0.32
South,OK,0.346
South,OK,0.341
South,OK,0.337
South,OK,0.285
South,OK,0.351
South,OK,0.352
South,OK,0.338
South,OK,0.314
South,OK,0.358
South,OK,0.339
South,OK,0.309
South,OK,0.289
South,OK,0.345
South,OK,0.337
South,OK,0.294
South,OK,0.314
South,OK,0.332
South,OK,0.384
South,OK,0.378
South,OK,0.365
South,OK,0.36
South,OK,0.357
South,OK,0.357
South,OK,0.35
South,OK,0.363
South,OK,0.373
South,OK,0.339
South,OK,0.343
South,OK,0.344
South,OK,0.345
South,OK,0.342
South,OK,0.337
South,OK,0.36
South,OK,0.357
South,OK,0.33
South,OK,0.308
South,OK,0.288
South,OK,0.288
South,OK,0.353
South,OK,0.338
South,OK,0.367
South,OK,0.348
South,OK,0.371
South,OK,0.352
South,OK,0.435
South,OK,0.407
South,OK,0.305
South,OK,0.29
South,OK,0.337
South,OK,0.334
South,OK,0.327
South,OK,0.341
South,OK,0.352
South,OK,0.405
South,OK,0.378
South,OK,0.361
South,OK,0.29
South,OK,0.273
South,OK,0.367
South,OK,0.362
South,OK,0.352
South,OK,0.362
South,OK,0.322
South,OK,0.344
South,OK,0.321
South,OK,0.314
South,OK,0.32
South,OK,0.302
South,OK,0.308
South,OK,0.309
South,OK,0.349
South,OK,0.295
South,OK,0.301
South,OK,0.288
South,OK,0.362
South,OK,0.362
South,OK,0.327
South,OK,0.315
South,OK,0.363
South,OK,0.361
South,OK,0.409
South,OK,0.356
South,OK,0.293
South,OK,0.261
South,OK,0.325
South,OK,0.347
South,OK,0.358
South,OK,0.326
South,OK,0.343
South,OK,0.318
South,OK,0.341
South,OK,0.321
South,OK,0.386
South,OK,0.374
South,OK,0.315
South,OK,0.277
South,OK,0.378
South,OK,0.388
South,OK,0.383
South,OK,0.358
South,OK,0.32
South,OK,0.325
South,OK,0.319
South,OK,0.288
South,OK,0.329
South,OK,0.334
South,OK,0.285
South,OK,0.276
South,OK,0.326
South,OK,0.297
South,OK,0.309
South,OK,0.293
South,OK,0.336
South,OK,0.33
South,OK,0.341
South,OK,0.324
South,OK,0.319
South,OK,0.296
West,OR,0.222
West,OR,0.206
West,OR,0.146
West,OR,0.153
West,OR,0.163
West,OR,0.149
West,OR,0.199
West,OR,0.18
West,OR,0.196
West,OR,0.193
West,OR,0.217
West,OR,0.22
West,OR,0.198
West,OR,0.182
West,OR,0.239
West,OR,0.209
West,OR,0.156
West,OR,0.15
West,OR,0.213
West,OR,0.208
West,OR,0.201
West,OR,0.202
West,OR,0.201
West,OR,0.199
West,OR,0.157
West,OR,0.148
West,OR,0.157
West,OR,0.174
West,OR,0.197
West,OR,0.179
West,OR,0.202
West,OR,0.197
West,OR,0.205
West,OR,0.189
West,OR,0.197
West,OR,0.173
West,OR,0.161
West,OR,0.152
West,OR,0.188
West,OR,0.183
West,OR,0.212
West,OR,0.2
West,OR,0.222
West,OR,0.192
West,OR,0.191
West,OR,0.168
West,OR,0.253
West,OR,0.216
West,OR,0.151
West,OR,0.136
West,OR,0.197
West,OR,0.177
West,OR,0.194
West,OR,0.204
West,OR,0.201
West,OR,0.244
West,OR,0.236
West,OR,0.183
West,OR,0.17
West,OR,0.212
West,OR,0.198
West,OR,0.193
West,OR,0.179
West,OR,0.153
West,OR,0.139
West,OR,0.188
West,OR,0.16
Northeast,PA,0.25
Northeast,PA,0.248
Northeast,PA,0.25
Northeast,PA,0.237
Northeast,PA,0.248
Northeast,PA,0.252
Northeast,PA,0.284
Northeast,PA,0.281
Northeast,PA,0.268
Northeast,PA,0.287
Northeast,PA,0.246
Northeast,PA,0.246
Northeast,PA,0.313
Northeast,PA,0.31
Northeast,PA,0.274
Northeast,PA,0.256
Northeast,PA,0.244
Northeast,PA,0.224
Northeast,PA,0.234
Northeast,PA,0.229
Northeast,PA,0.308
Northeast,PA,0.281
Northeast,PA,0.294
Northeast,PA,0.259
Northeast,PA,0.306
Northeast,PA,0.286
Northeast,PA,0.201
Northeast,PA,0.181
Northeast,PA,0.17
Northeast,PA,0.174
Northeast,PA,0.263
Northeast,PA,0.238
Northeast,PA,0.253
Northeast,PA,0.252
Northeast,PA,0.27
Northeast,PA,0.255
Northeast,PA,0.272
Northeast,PA,0.249
Northeast,PA,0.263
Northeast,PA,0.266
Northeast,PA,0.218
Northeast,PA,0.191
Northeast,PA,0.275
Northeast,PA,0.252
Northeast,PA,0.229
Northeast,PA,0.21
Northeast,PA,0.309
Northeast,PA,0.282
Northeast,PA,0.281
Northeast,PA,0.266
Northeast,PA,0.345
Northeast,PA,0.334
Northeast,PA,0.237
Northeast,PA,0.223
Northeast,PA,0.279
Northeast,PA,0.268
Northeast,PA,0.269
Northeast,PA,0.281
Northeast,PA,0.351
Northeast,PA,0.307
Northeast,PA,0.301
Northeast,PA,0.277
Northeast,PA,0.265
Northeast,PA,0.274
Northeast,PA,0.301
Northeast,PA,0.294
Northeast,PA,0.266
Northeast,PA,0.247
Northeast,PA,0.28
Northeast,PA,0.27
Northeast,PA,0.228
Northeast,PA,0.206
Northeast,PA,0.292
Northeast,PA,0.274
Northeast,PA,0.239
Northeast,PA,0.227
Northeast,PA,0.247
Northeast,PA,0.214
Northeast,PA,0.312
Northeast,PA,0.302
Northeast,PA,0.284
Northeast,PA,0.254
Northeast,PA,0.299
Northeast,PA,0.271
Northeast,PA,0.27
Northeast,PA,0.26
Northeast,PA,0.265
Northeast,PA,0.277
Northeast,PA,0.245
Northeast,PA,0.241
Northeast,PA,0.207
Northeast,PA,0.192
Northeast,PA,0.297
Northeast,PA,0.264
Northeast,PA,0.259
Northeast,PA,0.253
Northeast,PA,0.308
Northeast,PA,0.293
Northeast,PA,0.256
Northeast,PA,0.27
Northeast,PA,0.288
Northeast,PA,0.269
Northeast,PA,0.266
Northeast,PA,0.216
Northeast,PA,0.274
Northeast,PA,0.28
Northeast,PA,0.32
Northeast,PA,0.295
Northeast,PA,0.254
Northeast,PA,0.235
Northeast,PA,0.283
Northeast,PA,0.286
Northeast,PA,0.316
Northeast,PA,0.311
Northeast,PA,0.278
Northeast,PA,0.233
Northeast,PA,0.261
Northeast,PA,0.255
Northeast,PA,0.259
Northeast,PA,0.253
Northeast,PA,0.292
Northeast,PA,0.264
Northeast,PA,0.26
Northeast,PA,0.227
Northeast,PA,0.242
Northeast,PA,0.23
Northeast,PA,0.242
Northeast,PA,0.237
Northeast,PA,0.268
Northeast,PA,0.26
Northeast,PA,0.276
Northeast,PA,0.235
Northeast,PA,0.231
Northeast,PA,0.221
Northeast,RI,0.213
Northeast,RI,0.203
Northeast,RI,0.254
Northeast,RI,0.232
Northeast,RI,0.2
Northeast,RI,0.191
Northeast,RI,0.274
Northeast,RI,0.264
Northeast,RI,0.202
Northeast,RI,0.193
South,SC,0.3
South,SC,0.302
South,SC,0.259
South,SC,0.257
South,SC,0.359
South,SC,0.344
South,SC,0.303
South,SC,0.299
South,SC,0.339
South,SC,0.328
South,SC,0.321
South,SC,0.299
South,SC,0.17
South,SC,0.165
South,SC,0.296
South,SC,0.257
South,SC,0.332
South,SC,0.3
South,SC,0.226
South,SC,0.213
South,SC,0.316
South,SC,0.33
South,SC,0.33
South,SC,0.281
South,SC,0.321
South,SC,0.312
South,SC,0.299
South,SC,0.291
South,SC,0.316
South,SC,0.318
South,SC,0.325
South,SC,0.328
South,SC,0.365
South,SC,0.367
South,SC,0.248
South,SC,0.23
South,SC,0.259
South,SC,0.267
South,SC,0.342
South,SC,0.306
South,SC,0.3
South,SC,0.28
South,SC,0.281
South,SC,0.279
South,SC,0.244
South,SC,0.237
South,SC,0.295
South,SC,0.263
South,SC,0.312
South,SC,0.326
South,SC,0.251
South,SC,0.23
South,SC,0.257
South,SC,0.255
South,SC,0.28
South,SC,0.285
South,SC,0.309
South,SC,0.277
South,SC,0.332
South,SC,0.331
South,SC,0.327
South,SC,0.316
South,SC,0.264
South,SC,0.244
South,SC,0.323
South,SC,0.317
South,SC,0.301
South,SC,0.324
South,SC,0.263
South,SC,0.3
South,SC,0.284
South,SC,0.276
South,SC,0.266
South,SC,0.238
South,SC,0.301
South,SC,0.285
South,SC,0.237
South,SC,0.223
South,SC,0.25
South,SC,0.239
South,SC,0.315
South,SC,0.285
South,SC,0.28
South,SC,0.273
South,SC,0.323
South,SC,0.304
South,SC,0.35
South,SC,0.343
South,SC,0.326
South,SC,0.319
South,SC,0.237
South,SC,0.219
Midwest,SD,0.297
Midwest,SD,0.283
Midwest,SD,0.257
Midwest,SD,0.302
Midwest,SD,0.277
Midwest,SD,0.308
Midwest,SD,0.265
Midwest,SD,0.21
Midwest,SD,0.2
Midwest,SD,0.272
Midwest,SD,0.252
Midwest,SD,0.344
Midwest,SD,0.308
Midwest,SD,0.381
Midwest,SD,0.334
Midwest,SD,0.317
Midwest,SD,0.283
Midwest,SD,0.289
Midwest,SD,0.257
Midwest,SD,0.306
Midwest,SD,0.288
Midwest,SD,0.245
Midwest,SD,0.235
Midwest,SD,0.233
Midwest,SD,0.225
Midwest,SD,0.326
Midwest,SD,0.311
Midwest,SD,0.251
Midwest,SD,0.236
Midwest,SD,0.253
Midwest,SD,0.25
Midwest,SD,0.301
Midwest,SD,0.286
Midwest,SD,0.308
Midwest,SD,0.297
Midwest,SD,0.352
Midwest,SD,0.321
Midwest,SD,0.342
Midwest,SD,0.301
Midwest,SD,0.293
Midwest,SD,0.267
Midwest,SD,0.25
Midwest,SD,0.248
Midwest,SD,0.325
Midwest,SD,0.301
Midwest,SD,0.308
Midwest,SD,0.327
Midwest,SD,0.302
Midwest,SD,0.272
Midwest,SD,0.27
Midwest,SD,0.258
Midwest,SD,0.329
Midwest,SD,0.315
Midwest,SD,0.267
Midwest,SD,0.244
Midwest,SD,0.223
Midwest,SD,0.211
Midwest,SD,0.294
Midwest,SD,0.292
Midwest,SD,0.321
Midwest,SD,0.312
Midwest,SD,0.328
Midwest,SD,0.298
Midwest,SD,0.296
Midwest,SD,0.276
Midwest,SD,0.258
Midwest,SD,0.247
Midwest,SD,0.234
Midwest,SD,0.231
Midwest,SD,0.216
Midwest,SD,0.302
Midwest,SD,0.288
Midwest,SD,0.324
Midwest,SD,0.319
Midwest,SD,0.291
Midwest,SD,0.287
Midwest,SD,0.272
Midwest,SD,0.264
Midwest,SD,0.257
Midwest,SD,0.348
Midwest,SD,0.302
Midwest,SD,0.316
Midwest,SD,0.282
Midwest,SD,0.237
Midwest,SD,0.227
Midwest,SD,0.307
Midwest,SD,0.254
Midwest,SD,0.24
Midwest,SD,0.225
Midwest,SD,0.35
Midwest,SD,0.349
Midwest,SD,0.296
Midwest,SD,0.293
Midwest,SD,0.301
Midwest,SD,0.266
Midwest,SD,0.35
Midwest,SD,0.293
Midwest,SD,0.305
Midwest,SD,0.275
Midwest,SD,0.31
Midwest,SD,0.27
Midwest,SD,0.303
Midwest,SD,0.308
Midwest,SD,0.303
Midwest,SD,0.28
Midwest,SD,0.315
Midwest,SD,0.303
Midwest,SD,0.331
Midwest,SD,0.304
Midwest,SD,0.28
Midwest,SD,0.262
Midwest,SD,0.314
Midwest,SD,0.291
Midwest,SD,0.225
Midwest,SD,0.198
Midwest,SD,0.334
Midwest,SD,0.292
South,TN,0.344
South,TN,0.318
South,TN,0.333
South,TN,0.37
South,TN,0.352
South,TN,0.347
South,TN,0.372
South,TN,0.357
South,TN,0.303
South,TN,0.324
South,TN,0.334
South,TN,0.339
South,TN,0.377
South,TN,0.327
South,TN,0.346
South,TN,0.34
South,TN,0.378
South,TN,0.345
South,TN,0.327
South,TN,0.319
South,TN,0.336
South,TN,0.338
South,TN,0.288
South,TN,0.259
South,TN,0.365
South,TN,0.312
South,TN,0.314
South,TN,0.32
South,TN,0.378
South,TN,0.355
South,TN,0.333
South,TN,0.348
South,TN,0.361
South,TN,0.339
South,TN,0.28
South,TN,0.293
South,TN,0.269
South,TN,0.257
South,TN,0.37
South,TN,0.389
South,TN,0.392
South,TN,0.36
South,TN,0.34
South,TN,0.348
South,TN,0.399
South,TN,0.366
South,TN,0.349
South,TN,0.327
South,TN,0.398
South,TN,0.391
South,TN,0.384
South,TN,0.344
South,TN,0.385
South,TN,0.332
South,TN,0.315
South,TN,0.281
South,TN,0.382
South,TN,0.387
South,TN,0.388
South,TN,0.361
South,TN,0.338
South,TN,0.384
South,TN,0.373
South,TN,0.333
South,TN,0.292
South,TN,0.287
South,TN,0.409
South,TN,0.394
South,TN,0.356
South,TN,0.373
South,TN,0.368
South,TN,0.353
South,TN,0.328
South,TN,0.346
South,TN,0.329
South,TN,0.319
South,TN,0.348
South,TN,0.359
South,TN,0.342
South,TN,0.385
South,TN,0.337
South,TN,0.368
South,TN,0.331
South,TN,0.337
South,TN,0.285
South,TN,0.305
South,TN,0.367
South,TN,0.387
South,TN,0.332
South,TN,0.325
South,TN,0.328
South,TN,0.336
South,TN,0.294
South,TN,0.277
South,TN,0.376
South,TN,0.327
South,TN,0.343
South,TN,0.358
South,TN,0.336
South,TN,0.323
South,TN,0.365
South,TN,0.316
South,TN,0.332
South,TN,0.34
South,TN,0.301
South,TN,0.303
South,TN,0.304
South,TN,0.31
South,TN,0.311
South,TN,0.295
South,TN,0.406
South,TN,0.361
South,TN,0.347
South,TN,0.346
South,TN,0.344
South,TN,0.339
South,TN,0.356
South,TN,0.357
South,TN,0.334
South,TN,0.337
South,TN,0.342
South,TN,0.306
South,TN,0.333
South,TN,0.346
South,TN,0.33
South,TN,0.282
South,TN,0.334
South,TN,0.338
South,TN,0.322
South,TN,0.347
South,TN,0.362
South,TN,0.354
South,TN,0.322
South,TN,0.326
South,TN,0.31
South,TN,0.337
South,TN,0.366
South,TN,0.339
South,TN,0.354
South,TN,0.371
South,TN,0.315
South,TN,0.324
South,TN,0.331
South,TN,0.357
South,TN,0.374
South,TN,0.373
South,TN,0.322
South,TN,0.318
South,TN,0.272
South,TN,0.254
South,TN,0.381
South,TN,0.399
South,TN,0.344
South,TN,0.323
South,TN,0.325
South,TN,0.318
South,TN,0.292
South,TN,0.279
South,TN,0.353
South,TN,0.321
South,TN,0.37
South,TN,0.354
South,TN,0.344
South,TN,0.35
South,TN,0.283
South,TN,0.248
South,TN,0.349
South,TN,0.338
South,TN,0.369
South,TN,0.373
South,TN,0.39
South,TN,0.37
South,TN,0.356
South,TN,0.364
South,TN,0.34
South,TN,0.325
South,TN,0.327
South,TN,0.307
South,TN,0.309
South,TN,0.299
South,TN,0.306
South,TN,0.343
South,TN,0.364
South,TN,0.337
South,TN,0.359
South,TN,0.332
South,TN,0.238
South,TN,0.232
South,TN,0.317
South,TN,0.285
South,TX,0.293
South,TX,0.289
South,TX,0.276
South,TX,0.266
South,TX,0.277
South,TX,0.286
South,TX,0.279
South,TX,0.28
South,TX,0.281
South,TX,0.271
South,TX,0.266
South,TX,0.262
South,TX,0.255
South,TX,0.285
South,TX,0.266
South,TX,0.273
South,TX,0.27
South,TX,0.303
South,TX,0.285
South,TX,0.28
South,TX,0.288
South,TX,0.278
South,TX,0.246
South,TX,0.254
South,TX,0.232
South,TX,0.269
South,TX,0.227
South,TX,0.213
South,TX,0.207
South,TX,0.273
South,TX,0.236
South,TX,0.268
South,TX,0.283
South,TX,0.314
South,TX,0.301
South,TX,0.244
South,TX,0.241
South,TX,0.216
South,TX,0.208
South,TX,0.242
South,TX,0.235
South,TX,0.3
South,TX,0.28
South,TX,0.296
South,TX,0.287
South,TX,0.315
South,TX,0.308
South,TX,0.257
South,TX,0.283
South,TX,0.251
South,TX,0.252
South,TX,0.25
South,TX,0.249
South,TX,0.255
South,TX,0.278
South,TX,0.209
South,TX,0.222
South,TX,0.276
South,TX,0.282
South,TX,0.294
South,TX,0.295
South,TX,0.34
South,TX,0.294
South,TX,0.291
South,TX,0.262
South,TX,0.296
South,TX,0.278
South,TX,0.325
South,TX,0.313
South,TX,0.274
South,TX,0.283
South,TX,0.332
South,TX,0.331
South,TX,0.29
South,TX,0.291
South,TX,0.332
South,TX,0.313
South,TX,0.325
South,TX,0.292
South,TX,0.199
South,TX,0.19
South,TX,0.281
South,TX,0.279
South,TX,0.301
South,TX,0.287
South,TX,0.254
South,TX,0.249
South,TX,0.275
South,TX,0.293
South,TX,0.277
South,TX,0.274
South,TX,0.254
South,TX,0.256
South,TX,0.253
South,TX,0.246
South,TX,0.265
South,TX,0.25
South,TX,0.286
South,TX,0.273
South,TX,0.311
South,TX,0.29
South,TX,0.27
South,TX,0.264
South,TX,0.249
South,TX,0.239
South,TX,0.286
South,TX,0.264
South,TX,0.268
South,TX,0.293
South,TX,0.284
South,TX,0.272
South,TX,0.315
South,TX,0.316
South,TX,0.212
South,TX,0.208
South,TX,0.289
South,TX,0.274
South,TX,0.264
South,TX,0.275
South,TX,0.269
South,TX,0.278
South,TX,0.273
South,TX,0.316
South,TX,0.313
South,TX,0.289
South,TX,0.295
South,TX,0.297
South,TX,0.29
South,TX,0.215
South,TX,0.229
South,TX,0.231
South,TX,0.224
South,TX,0.247
South,TX,0.235
South,TX,0.302
South,TX,0.285
South,TX,0.304
South,TX,0.275
South,TX,0.297
South,TX,0.317
South,TX,0.319
South,TX,0.301
South,TX,0.319
South,TX,0.291
South,TX,0.281
South,TX,0.214
South,TX,0.22
South,TX,0.301
South,TX,0.273
South,TX,0.273
South,TX,0.262
South,TX,0.271
South,TX,0.254
South,TX,0.271
South,TX,0.233
South,TX,0.277
South,TX,0.272
South,TX,0.285
South,TX,0.264
South,TX,0.314
South,TX,0.293
South,TX,0.297
South,TX,0.294
South,TX,0.285
South,TX,0.289
South,TX,0.366
South,TX,0.312
South,TX,0.27
South,TX,0.27
South,TX,0.288
South,TX,0.283
South,TX,0.281
South,TX,0.282
South,TX,0.243
South,TX,0.213
South,TX,0.3
South,TX,0.302
South,TX,0.281
South,TX,0.276
South,TX,0.302
South,TX,0.309
South,TX,0.285
South,TX,0.264
South,TX,0.289
South,TX,0.284
South,TX,0.331
South,TX,0.34
South,TX,0.222
South,TX,0.213
South,TX,0.331
South,TX,0.304
South,TX,0.291
South,TX,0.262
South,TX,0.278
South,TX,0.276
South,TX,0.226
South,TX,0.212
South,TX,0.265
South,TX,0.277
South,TX,0.33
South,TX,0.3
South,TX,0.222
South,TX,0.221
South,TX,0.297
South,TX,0.255
South,TX,0.292
South,TX,0.276
South,TX,0.247
South,TX,0.249
South,TX,0.299
South,TX,0.28
South,TX,0.285
South,TX,0.324
South,TX,0.311
South,TX,0.281
South,TX,0.275
South,TX,0.268
South,TX,0.293
South,TX,0.288
South,TX,0.297
South,TX,0.288
South,TX,0.256
South,TX,0.255
South,TX,0.26
South,TX,0.242
South,TX,0.325
South,TX,0.311
South,TX,0.234
South,TX,0.232
South,TX,0.284
South,TX,0.287
South,TX,0.281
South,TX,0.273
South,TX,0.261
South,TX,0.26
South,TX,0.287
South,TX,0.265
South,TX,0.293
South,TX,0.294
South,TX,0.286
South,TX,0.26
South,TX,0.298
South,TX,0.301
South,TX,0.252
South,TX,0.205
South,TX,0.271
South,TX,0.257
South,TX,0.281
South,TX,0.263
South,TX,0.287
South,TX,0.286
South,TX,0.281
South,TX,0.273
South,TX,0.281
South,TX,0.266
South,TX,0.264
South,TX,0.248
South,TX,0.31
South,TX,0.321
South,TX,0.271
South,TX,0.274
South,TX,0.278
South,TX,0.278
South,TX,0.276
South,TX,0.272
South,TX,0.302
South,TX,0.294
South,TX,0.344
South,TX,0.308
South,TX,0.283
South,TX,0.264
South,TX,0.291
South,TX,0.295
South,TX,0.286
South,TX,0.261
South,TX,0.317
South,TX,0.309
South,TX,0.305
South,TX,0.286
South,TX,0.245
South,TX,0.245
South,TX,0.29
South,TX,0.291
South,TX,0.275
South,TX,0.273
South,TX,0.322
South,TX,0.328
South,TX,0.259
South,TX,0.266
South,TX,0.286
South,TX,0.282
South,TX,0.287
South,TX,0.261
South,TX,0.293
South,TX,0.289
South,TX,0.291
South,TX,0.287
South,TX,0.247
South,TX,0.261
South,TX,0.257
South,TX,0.253
South,TX,0.294
South,TX,0.279
South,TX,0.281
South,TX,0.268
South,TX,0.306
South,TX,0.273
South,TX,0.269
South,TX,0.263
South,TX,0.261
South,TX,0.251
South,TX,0.283
South,TX,0.261
South,TX,0.209
South,TX,0.196
South,TX,0.285
South,TX,0.273
South,TX,0.307
South,TX,0.319
South,TX,0.279
South,TX,0.262
South,TX,0.329
South,TX,0.297
South,TX,0.319
South,TX,0.296
South,TX,0.305
South,TX,0.297
South,TX,0.249
South,TX,0.24
South,TX,0.245
South,TX,0.26
South,TX,0.26
South,TX,0.347
South,TX,0.303
South,TX,0.279
South,TX,0.279
South,TX,0.289
South,TX,0.297
South,TX,0.281
South,TX,0.276
South,TX,0.27
South,TX,0.26
South,TX,0.286
South,TX,0.275
South,TX,0.268
South,TX,0.303
South,TX,0.317
South,TX,0.312
South,TX,0.282
South,TX,0.286
South,TX,0.292
South,TX,0.273
South,TX,0.218
South,TX,0.211
South,TX,0.284
South,TX,0.273
South,TX,0.285
South,TX,0.281
South,TX,0.313
South,TX,0.319
South,TX,0.282
South,TX,0.277
South,TX,0.292
South,TX,0.293
South,TX,0.277
South,TX,0.271
South,TX,0.286
South,TX,0.283
South,TX,0.274
South,TX,0.273
South,TX,0.274
South,TX,0.274
South,TX,0.29
South,TX,0.293
South,TX,0.309
South,TX,0.283
South,TX,0.326
South,TX,0.315
South,TX,0.271
South,TX,0.254
South,TX,0.29
South,TX,0.284
South,TX,0.271
South,TX,0.265
South,TX,0.338
South,TX,0.333
South,TX,0.283
South,TX,0.28
South,TX,0.312
South,TX,0.282
South,TX,0.283
South,TX,0.26
South,TX,0.262
South,TX,0.296
South,TX,0.272
South,TX,0.259
South,TX,0.239
South,TX,0.285
South,TX,0.257
South,TX,0.261
South,TX,0.25
South,TX,0.312
South,TX,0.303
South,TX,0.234
South,TX,0.242
South,TX,0.292
South,TX,0.253
South,TX,0.298
South,TX,0.275
South,TX,0.261
South,TX,0.249
South,TX,0.281
South,TX,0.284
South,TX,0.178
South,TX,0.161
South,TX,0.338
South,TX,0.309
South,TX,0.33
South,TX,0.301
South,TX,0.35
South,TX,0.328
South,TX,0.282
South,TX,0.277
South,TX,0.274
South,TX,0.282
South,TX,0.258
South,TX,0.258
South,TX,0.334
South,TX,0.359
South,TX,0.24
South,TX,0.248
South,TX,0.276
South,TX,0.27
South,TX,0.285
South,TX,0.262
South,TX,0.296
South,TX,0.274
South,TX,0.285
South,TX,0.261
South,TX,0.275
South,TX,0.27
South,TX,0.288
South,TX,0.297
South,TX,0.283
South,TX,0.289
South,TX,0.29
South,TX,0.289
South,TX,0.281
South,TX,0.277
South,TX,0.267
South,TX,0.274
South,TX,0.199
South,TX,0.183
South,TX,0.291
South,TX,0.271
South,TX,0.254
South,TX,0.246
South,TX,0.291
South,TX,0.263
South,TX,0.292
South,TX,0.284
South,TX,0.302
South,TX,0.281
South,TX,0.302
South,TX,0.292
South,TX,0.286
South,TX,0.279
South,TX,0.276
South,TX,0.279
West,UT,0.239
West,UT,0.231
West,UT,0.213
West,UT,0.183
West,UT,0.166
West,UT,0.152
West,UT,0.235
West,UT,0.23
West,UT,0.156
West,UT,0.152
West,UT,0.22
West,UT,0.231
West,UT,0.235
West,UT,0.232
West,UT,0.264
West,UT,0.231
West,UT,0.179
West,UT,0.155
West,UT,0.197
West,UT,0.194
West,UT,0.212
West,UT,0.21
West,UT,0.264
West,UT,0.242
West,UT,0.247
West,UT,0.238
West,UT,0.207
West,UT,0.198
West,UT,0.286
West,UT,0.231
West,UT,0.174
West,UT,0.164
West,UT,0.293
West,UT,0.271
West,UT,0.231
West,UT,0.22
West,UT,0.229
West,UT,0.227
West,UT,0.115
West,UT,0.11
West,UT,0.208
West,UT,0.2
West,UT,0.256
West,UT,0.235
West,UT,0.149
West,UT,0.144
West,UT,0.149
West,UT,0.143
West,UT,0.19
West,UT,0.177
West,UT,0.216
West,UT,0.211
West,UT,0.185
West,UT,0.18
South,VA,0.31
South,VA,0.306
South,VA,0.208
South,VA,0.195
South,VA,0.17
South,VA,0.153
South,VA,0.25
South,VA,0.242
South,VA,0.273
South,VA,0.292
South,VA,0.293
South,VA,0.286
South,VA,0.28
South,VA,0.266
South,VA,0.152
South,VA,0.139
South,VA,0.253
South,VA,0.238
South,VA,0.264
South,VA,0.275
South,VA,0.298
South,VA,0.272
South,VA,0.249
South,VA,0.258
South,VA,0.243
South,VA,0.258
South,VA,0.241
South,VA,0.224
South,VA,0.256
South,VA,0.235
South,VA,0.315
South,VA,0.293
South,VA,0.254
South,VA,0.276
South,VA,0.292
South,VA,0.277
South,VA,0.245
South,VA,0.233
South,VA,0.275
South,VA,0.289
South,VA,0.248
South,VA,0.225
South,VA,0.285
South,VA,0.292
South,VA,0.31
South,VA,0.286
South,VA,0.248
South,VA,0.249
South,VA,0.236
South,VA,0.204
South,VA,0.213
South,VA,0.204
South,VA,0.215
South,VA,0.208
South,VA,0.245
South,VA,0.235
South,VA,0.232
South,VA,0.224
South,VA,0.26
South,VA,0.258
South,VA,0.243
South,VA,0.253
South,VA,0.248
South,VA,0.236
South,VA,0.262
South,VA,0.252
South,VA,0.319
South,VA,0.313
South,VA,0.295
South,VA,0.318
South,VA,0.271
South,VA,0.291
South,VA,0.299
South,VA,0.282
South,VA,0.27
South,VA,0.274
South,VA,0.169
South,VA,0.152
South,VA,0.269
South,VA,0.202
South,VA,0.222
South,VA,0.207
South,VA,0.203
South,VA,0.202
South,VA,0.24
South,VA,0.24
South,VA,0.223
South,VA,0.217
South,VA,0.255
South,VA,0.24
South,VA,0.327
South,VA,0.296
South,VA,0.265
South,VA,0.248
South,VA,0.245
South,VA,0.22
South,VA,0.248
South,VA,0.247
South,VA,0.26
South,VA,0.28
South,VA,0.247
South,VA,0.253
South,VA,0.238
South,VA,0.239
South,VA,0.296
South,VA,0.295
South,VA,0.225
South,VA,0.221
South,VA,0.297
South,VA,0.287
South,VA,0.313
South,VA,0.286
South,VA,0.27
South,VA,0.264
South,VA,0.224
South,VA,0.237
South,VA,0.239
South,VA,0.23
South,VA,0.238
South,VA,0.225
South,VA,0.331
South,VA,0.345
South,VA,0.306
South,VA,0.27
South,VA,0.273
South,VA,0.26
South,VA,0.207
South,VA,0.199
South,VA,0.239
South,VA,0.245
South,VA,0.303
South,VA,0.286
South,VA,0.292
South,VA,0.27
South,VA,0.315
South,VA,0.287
South,VA,0.325
South,VA,0.272
South,VA,0.232
South,VA,0.226
South,VA,0.209
South,VA,0.203
South,VA,0.289
South,VA,0.256
South,VA,0.33
South,VA,0.308
South,VA,0.265
South,VA,0.235
South,VA,0.248
South,VA,0.253
South,VA,0.25
South,VA,0.241
South,VA,0.23
South,VA,0.21
South,VA,0.278
South,VA,0.269
South,VA,0.248
South,VA,0.241
South,VA,0.269
South,VA,0.27
South,VA,0.267
South,VA,0.23
South,VA,0.197
South,VA,0.192
South,VA,0.234
South,VA,0.204
South,VA,0.221
South,VA,0.23
South,VA,0.259
South,VA,0.259
South,VA,0.255
South,VA,0.245
South,VA,0.339
South,VA,0.319
South,VA,0.261
South,VA,0.238
South,VA,0.243
South,VA,0.239
South,VA,0.285
South,VA,0.297
South,VA,0.264
South,VA,0.257
South,VA,0.256
South,VA,0.255
South,VA,0.262
South,VA,0.248
South,VA,0.321
South,VA,0.289
South,VA,0.285
South,VA,0.274
South,VA,0.235
South,VA,0.216
South,VA,0.277
South,VA,0.279
South,VA,0.265
South,VA,0.263
South,VA,0.287
South,VA,0.276
South,VA,0.286
South,VA,0.262
South,VA,0.212
South,VA,0.194
South,VA,0.257
South,VA,0.264
South,VA,0.223
South,VA,0.199
South,VA,0.26
South,VA,0.247
South,VA,0.274
South,VA,0.235
South,VA,0.253
South,VA,0.222
South,VA,0.26
South,VA,0.258
South,VA,0.256
South,VA,0.265
South,VA,0.296
South,VA,0.296
South,VA,0.221
South,VA,0.224
South,VA,0.386
South,VA,0.359
South,VA,0.275
South,VA,0.252
South,VA,0.328
South,VA,0.345
South,VA,0.256
South,VA,0.233
South,VA,0.245
South,VA,0.229
South,VA,0.3
South,VA,0.31
South,VA,0.208
South,VA,0.226
South,VA,0.214
South,VA,0.219
South,VA,0.249
South,VA,0.25
South,VA,0.264
South,VA,0.258
South,VA,0.276
South,VA,0.278
South,VA,0.288
South,VA,0.272
South,VA,0.344
South,VA,0.309
South,VA,0.241
South,VA,0.207
South,VA,0.221
South,VA,0.184
South,VA,0.297
South,VA,0.295
South,VA,0.257
South,VA,0.24
South,VA,0.316
South,VA,0.315
South,VA,0.24
South,VA,0.235
South,VA,0.264
South,VA,0.258
South,VA,0.374
South,VA,0.377
South,VA,0.291
South,VA,0.271
South,VA,0.222
South,VA,0.214
Northeast,VT,0.189
Northeast,VT,0.178
Northeast,VT,0.219
Northeast,VT,0.197
Northeast,VT,0.224
Northeast,VT,0.21
Northeast,VT,0.146
Northeast,VT,0.139
Northeast,VT,0.226
Northeast,VT,0.248
Northeast,VT,0.265
Northeast,VT,0.244
Northeast,VT,0.19
Northeast,VT,0.175
Northeast,VT,0.178
Northeast,VT,0.179
Northeast,VT,0.205
Northeast,VT,0.202
Northeast,VT,0.259
Northeast,VT,0.243
Northeast,VT,0.224
Northeast,VT,0.211
Northeast,VT,0.187
Northeast,VT,0.173
Northeast,VT,0.186
Northeast,VT,0.173
Northeast,VT,0.189
Northeast,VT,0.187
West,WA,0.274
West,WA,0.253
West,WA,0.236
West,WA,0.212
West,WA,0.195
West,WA,0.184
West,WA,0.185
West,WA,0.171
West,WA,0.194
West,WA,0.204
West,WA,0.189
West,WA,0.189
West,WA,0.229
West,WA,0.24
West,WA,0.242
West,WA,0.232
West,WA,0.197
West,WA,0.192
West,WA,0.224
West,WA,0.2
West,WA,0.22
West,WA,0.2
West,WA,0.268
West,WA,0.271
West,WA,0.253
West,WA,0.273
West,WA,0.246
West,WA,0.252
West,WA,0.168
West,WA,0.173
West,WA,0.167
West,WA,0.154
West,WA,0.163
West,WA,0.147
West,WA,0.185
West,WA,0.184
West,WA,0.173
West,WA,0.173
West,WA,0.229
West,WA,0.216
West,WA,0.238
West,WA,0.228
West,WA,0.245
West,WA,0.235
West,WA,0.231
West,WA,0.237
West,WA,0.245
West,WA,0.26
West,WA,0.255
West,WA,0.256
West,WA,0.212
West,WA,0.21
West,WA,0.215
West,WA,0.202
West,WA,0.133
West,WA,0.13
West,WA,0.178
West,WA,0.178
West,WA,0.222
West,WA,0.2
West,WA,0.196
West,WA,0.181
West,WA,0.195
West,WA,0.194
West,WA,0.237
West,WA,0.227
West,WA,0.186
West,WA,0.177
West,WA,0.235
West,WA,0.234
West,WA,0.167
West,WA,0.175
West,WA,0.162
West,WA,0.162
West,WA,0.204
West,WA,0.172
West,WA,0.244
West,WA,0.228
Midwest,WI,0.272
Midwest,WI,0.232
Midwest,WI,0.209
Midwest,WI,0.206
Midwest,WI,0.241
Midwest,WI,0.244
Midwest,WI,0.223
Midwest,WI,0.189
Midwest,WI,0.206
Midwest,WI,0.202
Midwest,WI,0.238
Midwest,WI,0.234
Midwest,WI,0.238
Midwest,WI,0.251
Midwest,WI,0.181
Midwest,WI,0.194
Midwest,WI,0.184
Midwest,WI,0.187
Midwest,WI,0.25
Midwest,WI,0.205
Midwest,WI,0.267
Midwest,WI,0.244
Midwest,WI,0.211
Midwest,WI,0.214
Midwest,WI,0.18
Midwest,WI,0.169
Midwest,WI,0.256
Midwest,WI,0.229
Midwest,WI,0.193
Midwest,WI,0.216
Midwest,WI,0.229
Midwest,WI,0.239
Midwest,WI,0.222
Midwest,WI,0.204
Midwest,WI,0.232
Midwest,WI,0.217
Midwest,WI,0.245
Midwest,WI,0.238
Midwest,WI,0.251
Midwest,WI,0.231
Midwest,WI,0.247
Midwest,WI,0.242
Midwest,WI,0.195
Midwest,WI,0.194
Midwest,WI,0.204
Midwest,WI,0.211
Midwest,WI,0.271
Midwest,WI,0.211
Midwest,WI,0.246
Midwest,WI,0.221
Midwest,WI,0.229
Midwest,WI,0.196
Midwest,WI,0.2
Midwest,WI,0.201
Midwest,WI,0.187
Midwest,WI,0.167
Midwest,WI,0.244
Midwest,WI,0.275
Midwest,WI,0.228
Midwest,WI,0.218
Midwest,WI,0.279
Midwest,WI,0.28
Midwest,WI,0.181
Midwest,WI,0.188
Midwest,WI,0.193
Midwest,WI,0.182
Midwest,WI,0.263
Midwest,WI,0.216
Midwest,WI,0.237
Midwest,WI,0.228
Midwest,WI,0.242
Midwest,WI,0.216
Midwest,WI,0.256
Midwest,WI,0.226
Midwest,WI,0.272
Midwest,WI,0.249
Midwest,WI,0.256
Midwest,WI,0.236
Midwest,WI,0.315
Midwest,WI,0.31
Midwest,WI,0.249
Midwest,WI,0.235
Midwest,WI,0.249
Midwest,WI,0.267
Midwest,WI,0.236
Midwest,WI,0.253
Midwest,WI,0.213
Midwest,WI,0.216
Midwest,WI,0.219
Midwest,WI,0.19
Midwest,WI,0.179
Midwest,WI,0.181
Midwest,WI,0.228
Midwest,WI,0.233
Midwest,WI,0.219
Midwest,WI,0.216
Midwest,WI,0.204
Midwest,WI,0.172
Midwest,WI,0.213
Midwest,WI,0.196
Midwest,WI,0.225
Midwest,WI,0.195
Midwest,WI,0.243
Midwest,WI,0.225
Midwest,WI,0.217
Midwest,WI,0.2
Midwest,WI,0.232
Midwest,WI,0.215
Midwest,WI,0.257
Midwest,WI,0.259
Midwest,WI,0.265
Midwest,WI,0.252
Midwest,WI,0.231
Midwest,WI,0.236
Midwest,WI,0.276
Midwest,WI,0.246
Midwest,WI,0.23
Midwest,WI,0.223
Midwest,WI,0.191
Midwest,WI,0.193
Midwest,WI,0.267
Midwest,WI,0.247
Midwest,WI,0.247
Midwest,WI,0.241
Midwest,WI,0.249
Midwest,WI,0.244
Midwest,WI,0.248
Midwest,WI,0.219
Midwest,WI,0.219
Midwest,WI,0.212
Midwest,WI,0.21
Midwest,WI,0.253
Midwest,WI,0.222
Midwest,WI,0.213
Midwest,WI,0.184
Midwest,WI,0.167
Midwest,WI,0.239
Midwest,WI,0.233
Midwest,WI,0.226
Midwest,WI,0.241
Midwest,WI,0.219
Midwest,WI,0.218
Midwest,WI,0.209
Midwest,WI,0.211
South,WV,0.351
South,WV,0.36
South,WV,0.293
South,WV,0.277
South,WV,0.422
South,WV,0.365
South,WV,0.352
South,WV,0.337
South,WV,0.357
South,WV,0.351
South,WV,0.318
South,WV,0.313
South,WV,0.342
South,WV,0.363
South,WV,0.376
South,WV,0.393
South,WV,0.375
South,WV,0.333
South,WV,0.373
South,WV,0.376
South,WV,0.322
South,WV,0.324
South,WV,0.321
South,WV,0.331
South,WV,0.339
South,WV,0.351
South,WV,0.346
South,WV,0.324
South,WV,0.317
South,WV,0.344
South,WV,0.316
South,WV,0.324
South,WV,0.333
South,WV,0.336
South,WV,0.311
South,WV,0.295
South,WV,0.299
South,WV,0.284
South,WV,0.319
South,WV,0.297
South,WV,0.361
South,WV,0.346
South,WV,0.379
South,WV,0.392
South,WV,0.443
South,WV,0.407
South,WV,0.321
South,WV,0.314
South,WV,0.341
South,WV,0.281
South,WV,0.382
South,WV,0.397
South,WV,0.433
South,WV,0.4
South,WV,0.377
South,WV,0.345
South,WV,0.311
South,WV,0.283
South,WV,0.438
South,WV,0.41
South,WV,0.245
South,WV,0.242
South,WV,0.351
South,WV,0.312
South,WV,0.354
South,WV,0.322
South,WV,0.382
South,WV,0.382
South,WV,0.293
South,WV,0.251
South,WV,0.354
South,WV,0.337
South,WV,0.318
South,WV,0.339
South,WV,0.316
South,WV,0.277
South,WV,0.347
South,WV,0.346
South,WV,0.314
South,WV,0.303
South,WV,0.371
South,WV,0.35
South,WV,0.336
South,WV,0.295
South,WV,0.342
South,WV,0.33
South,WV,0.356
South,WV,0.339
South,WV,0.353
South,WV,0.349
South,WV,0.379
South,WV,0.389
South,WV,0.38
South,WV,0.367
South,WV,0.361
South,WV,0.357
South,WV,0.365
South,WV,0.312
South,WV,0.378
South,WV,0.368
South,WV,0.34
South,WV,0.369
South,WV,0.368
South,WV,0.361
South,WV,0.325
South,WV,0.336
South,WV,0.327
South,WV,0.331
South,WV,0.449
South,WV,0.399
West,WY,0.185
West,WY,0.167
West,WY,0.257
West,WY,0.234
West,WY,0.255
West,WY,0.252
West,WY,0.326
West,WY,0.316
West,WY,0.257
West,WY,0.264
West,WY,0.289
West,WY,0.272
West,WY,0.239
West,WY,0.241
West,WY,0.297
West,WY,0.288
West,WY,0.266
West,WY,0.261
West,WY,0.256
West,WY,0.234
West,WY,0.236
West,WY,0.221
West,WY,0.219
West,WY,0.222
West,WY,0.237
West,WY,0.237
West,WY,0.294
West,WY,0.289
West,WY,0.232
West,WY,0.213
West,WY,0.273
West,WY,0.275
West,WY,0.204
West,WY,0.209
West,WY,0.244
West,WY,0.203
West,WY,0.23
West,WY,0.235
West,WY,0.105
West,WY,0.116
West,WY,0.258
West,WY,0.244
West,WY,0.246
West,WY,0.24
West,WY,0.285
West,WY,0.269
